INSERT INTO faculty(id, name_arabic, name_english, symbol, description, dean_id) VALUES (1, 'الهندسة والتكنولوجيا', 'name english - faculty - ENG', 'ENG', 'Description for faculty 1', NULL);
INSERT INTO faculty(id, name_arabic, name_english, symbol, description, dean_id) VALUES (2, 'الأعمال والاقتصاد', 'name english - faculty - BAF', 'BAF', 'Description for faculty 2', NULL);
INSERT INTO faculty(id, name_arabic, name_english, symbol, description, dean_id) VALUES (3, 'التربية', 'name english - faculty - EDU', 'EDU', 'Description for faculty 3', NULL);
INSERT INTO faculty(id, name_arabic, name_english, symbol, description, dean_id) VALUES (4, 'الحقوق والإدارة العامة', 'name english - faculty - LAW', 'LAW', 'Description for faculty 4', NULL);
INSERT INTO faculty(id, name_arabic, name_english, symbol, description, dean_id) VALUES (5, 'الدراسات العليا والأبحاث', 'name english - faculty - GRS', 'GRS', 'Description for faculty 5', NULL);
INSERT INTO faculty(id, name_arabic, name_english, symbol, description, dean_id) VALUES (6, 'الصيدلة والتمريض والمهن الصحية', 'name english - faculty - MED', 'MED', 'Description for faculty 6', NULL);
INSERT INTO faculty(id, name_arabic, name_english, symbol, description, dean_id) VALUES (7, 'العلوم', 'name english - faculty - SCI', 'SCI', 'Description for faculty 7', NULL);
INSERT INTO faculty(id, name_arabic, name_english, symbol, description, dean_id) VALUES (8, 'الفنون والموسيقى والتصميم', 'name english - faculty - ART', 'ART', 'Description for faculty 8', NULL);
INSERT INTO faculty(id, name_arabic, name_english, symbol, description, dean_id) VALUES (9, 'الآداب', 'name english - faculty - HUM', 'HUM', 'Description for faculty 9', NULL);
INSERT INTO department(id, faculty_id, name_arabic, name_english, symbol, description, head_instructor_id) VALUES (1, 5, 'الأحياء والكيمياء الحيوية', 'name english - department - BIO', 'BIO', 'Description for department 1', NULL);
INSERT INTO department(id, faculty_id, name_arabic, name_english, symbol, description, head_instructor_id) VALUES (2, 7, 'الإعلام', 'name english - department - MED', 'MED', 'Description for department 2', NULL);
INSERT INTO department(id, faculty_id, name_arabic, name_english, symbol, description, head_instructor_id) VALUES (3, 7, 'الإدارة العامة', 'name english - department - ADM', 'ADM', 'Description for department 3', NULL);
INSERT INTO department(id, faculty_id, name_arabic, name_english, symbol, description, head_instructor_id) VALUES (4, 3, 'إدارة الأعمال', 'name english - department - BUS', 'BUS', 'Description for department 4', NULL);
INSERT INTO department(id, faculty_id, name_arabic, name_english, symbol, description, head_instructor_id) VALUES (5, 8, 'الإقتصاد', 'name english - department - ECO', 'ECO', 'Description for department 5', NULL);
INSERT INTO department(id, faculty_id, name_arabic, name_english, symbol, description, head_instructor_id) VALUES (6, 1, 'التمريض', 'name english - department - NUR', 'NUR', 'Description for department 6', NULL);
INSERT INTO department(id, faculty_id, name_arabic, name_english, symbol, description, head_instructor_id) VALUES (7, 4, 'التغذية والحمية', 'name english - department - NUT', 'NUT', 'Description for department 7', NULL);
INSERT INTO department(id, faculty_id, name_arabic, name_english, symbol, description, head_instructor_id) VALUES (8, 5, 'التاريخ والآثار', 'name english - department - HIS', 'HIS', 'Description for department 8', NULL);
INSERT INTO department(id, faculty_id, name_arabic, name_english, symbol, description, head_instructor_id) VALUES (9, 3, 'التربية', 'name english - department - EDU', 'EDU', 'Description for department 9', NULL);
INSERT INTO department(id, faculty_id, name_arabic, name_english, symbol, description, head_instructor_id) VALUES (10, 7, 'الرياضية', 'name english - department - MAT', 'MAT', 'Description for department 10', NULL);
INSERT INTO department(id, faculty_id, name_arabic, name_english, symbol, description, head_instructor_id) VALUES (11, 8, 'الجغرافية', 'name english - department - GEO', 'GEO', 'Description for department 11', NULL);
INSERT INTO department(id, faculty_id, name_arabic, name_english, symbol, description, head_instructor_id) VALUES (12, 9, 'الرياضيات', 'name english - department - MAT', 'MAT', 'Description for department 12', NULL);
INSERT INTO department(id, faculty_id, name_arabic, name_english, symbol, description, head_instructor_id) VALUES (13, 8, 'الصيدلة', 'name english - department - PHA', 'PHA', 'Description for department 13', NULL);
INSERT INTO department(id, faculty_id, name_arabic, name_english, symbol, description, head_instructor_id) VALUES (14, 4, 'علاج النطق والسمع', 'name english - department - SLP', 'SLP', 'Description for department 14', NULL);
INSERT INTO department(id, faculty_id, name_arabic, name_english, symbol, description, head_instructor_id) VALUES (15, 8, 'العلوم الإجتماعية والسلوكية', 'name english - department - SOC', 'SOC', 'Description for department 15', NULL);
INSERT INTO department(id, faculty_id, name_arabic, name_english, symbol, description, head_instructor_id) VALUES (16, 6, 'العلوم المالية والمصرفية', 'name english - department - FIN', 'FIN', 'Description for department 16', NULL);
INSERT INTO department(id, faculty_id, name_arabic, name_english, symbol, description, head_instructor_id) VALUES (17, 8, 'علم الحاسوب', 'name english - department - CSC', 'CSC', 'Description for department 17', NULL);
INSERT INTO department(id, faculty_id, name_arabic, name_english, symbol, description, head_instructor_id) VALUES (18, 4, 'الفلسفة والدراسات الثقافية', 'name english - department - PHI', 'PHI', 'Description for department 18', NULL);
INSERT INTO department(id, faculty_id, name_arabic, name_english, symbol, description, head_instructor_id) VALUES (19, 3, 'الفيزياء', 'name english - department - PHY', 'PHY', 'Description for department 19', NULL);
INSERT INTO department(id, faculty_id, name_arabic, name_english, symbol, description, head_instructor_id) VALUES (20, 3, 'القانون', 'name english - department - LAW', 'LAW', 'Description for department 20', NULL);
INSERT INTO department(id, faculty_id, name_arabic, name_english, symbol, description, head_instructor_id) VALUES (21, 8, 'الكيمياء', 'name english - department - CHE', 'CHE', 'Description for department 21', NULL);
INSERT INTO department(id, faculty_id, name_arabic, name_english, symbol, description, head_instructor_id) VALUES (22, 4, 'اللغة الفرنسية', 'name english - department - FRE', 'FRE', 'Description for department 22', NULL);
INSERT INTO department(id, faculty_id, name_arabic, name_english, symbol, description, head_instructor_id) VALUES (23, 3, 'اللغة الإنجليزية وآدابها', 'name english - department - ENG', 'ENG', 'Description for department 23', NULL);
INSERT INTO department(id, faculty_id, name_arabic, name_english, symbol, description, head_instructor_id) VALUES (24, 5, 'اللغات والترجمة', 'name english - department - TRN', 'TRN', 'Description for department 24', NULL);
INSERT INTO department(id, faculty_id, name_arabic, name_english, symbol, description, head_instructor_id) VALUES (25, 3, 'اللغة العربية وآدابها', 'name english - department - ARA', 'ARA', 'Description for department 25', NULL);
INSERT INTO department(id, faculty_id, name_arabic, name_english, symbol, description, head_instructor_id) VALUES (26, 7, 'المناهج والتعليم', 'name english - department - CUR', 'CUR', 'Description for department 26', NULL);
INSERT INTO department(id, faculty_id, name_arabic, name_english, symbol, description, head_instructor_id) VALUES (27, 4, 'المحاسبة', 'name english - department - ACC', 'ACC', 'Description for department 27', NULL);
INSERT INTO department(id, faculty_id, name_arabic, name_english, symbol, description, head_instructor_id) VALUES (28, 7, 'الهندسة الميكانيكية والميكاترونكس', 'name english - department - MEC', 'MEC', 'Description for department 28', NULL);
INSERT INTO department(id, faculty_id, name_arabic, name_english, symbol, description, head_instructor_id) VALUES (29, 6, 'الهندسة المعمارية والتخطيط', 'name english - department - ARC', 'ARC', 'Description for department 29', NULL);
INSERT INTO department(id, faculty_id, name_arabic, name_english, symbol, description, head_instructor_id) VALUES (30, 3, 'الهندسة المدنية والبيئية', 'name english - department - CIV', 'CIV', 'Description for department 30', NULL);
INSERT INTO department(id, faculty_id, name_arabic, name_english, symbol, description, head_instructor_id) VALUES (31, 7, 'الهندسة الكهربائية وهندسة الحاسوب', 'name english - department - ECE', 'ECE', 'Description for department 31', NULL);
INSERT INTO instructor(id, name_arabic, name_english, phone_number, email, ritaj_id, office_hours, department_id) VALUES (1, 'عدنان يحيى', 'Instructor 1', '111-1', 'instructor_email_1@example.com', 'RITAJ_I_1', 'Office Hours 1', 27);
INSERT INTO instructor(id, name_arabic, name_english, phone_number, email, ritaj_id, office_hours, department_id) VALUES (2, 'راضي جرار', 'Instructor 2', '222-2', 'instructor_email_2@example.com', 'RITAJ_I_2', 'Office Hours 2', 11);
INSERT INTO instructor(id, name_arabic, name_english, phone_number, email, ritaj_id, office_hours, department_id) VALUES (3, 'مصطفى جرار', 'Instructor 3', '333-3', 'instructor_email_3@example.com', 'RITAJ_I_3', 'Office Hours 3', 3);
INSERT INTO instructor(id, name_arabic, name_english, phone_number, email, ritaj_id, office_hours, department_id) VALUES (4, 'عبد العزيز شوابكة', 'Instructor 4', '444-4', 'instructor_email_4@example.com', 'RITAJ_I_4', 'Office Hours 4', 9);
INSERT INTO instructor(id, name_arabic, name_english, phone_number, email, ritaj_id, office_hours, department_id) VALUES (5, 'عبد الله السعدة', 'Instructor 5', '555-5', 'instructor_email_5@example.com', 'RITAJ_I_5', 'Office Hours 5', 1);
INSERT INTO instructor(id, name_arabic, name_english, phone_number, email, ritaj_id, office_hours, department_id) VALUES (6, 'احمد السعدة', 'Instructor 6', '666-6', 'instructor_email_6@example.com', 'RITAJ_I_6', 'Office Hours 6', 11);
INSERT INTO instructor(id, name_arabic, name_english, phone_number, email, ritaj_id, office_hours, department_id) VALUES (7, 'مهران قرعان', 'Instructor 7', '777-7', 'instructor_email_7@example.com', 'RITAJ_I_7', 'Office Hours 7', 20);
INSERT INTO instructor(id, name_arabic, name_english, phone_number, email, ritaj_id, office_hours, department_id) VALUES (8, 'بشار طحاينه', 'Instructor 8', '888-8', 'instructor_email_8@example.com', 'RITAJ_I_8', 'Office Hours 8', 31);
INSERT INTO instructor(id, name_arabic, name_english, phone_number, email, ritaj_id, office_hours, department_id) VALUES (9, 'محمد هلال', 'Instructor 9', '999-9', 'instructor_email_9@example.com', 'RITAJ_I_9', 'Office Hours 9', 7);
INSERT INTO instructor(id, name_arabic, name_english, phone_number, email, ritaj_id, office_hours, department_id) VALUES (10, 'دانا القيمري', 'Instructor 10', '101010-10', 'instructor_email_10@example.com', 'RITAJ_I_10', 'Office Hours 10', 27);
INSERT INTO instructor(id, name_arabic, name_english, phone_number, email, ritaj_id, office_hours, department_id) VALUES (11, 'ابراهيم حماد', 'Instructor 11', '111111-11', 'instructor_email_11@example.com', 'RITAJ_I_11', 'Office Hours 11', 12);
INSERT INTO instructor(id, name_arabic, name_english, phone_number, email, ritaj_id, office_hours, department_id) VALUES (12, 'أحمد أبو سنينة', 'Instructor 12', '121212-12', 'instructor_email_12@example.com', 'RITAJ_I_12', 'Office Hours 12', 16);
INSERT INTO instructor(id, name_arabic, name_english, phone_number, email, ritaj_id, office_hours, department_id) VALUES (13, 'سامر الزين', 'Instructor 13', '131313-13', 'instructor_email_13@example.com', 'RITAJ_I_13', 'Office Hours 13', 20);
INSERT INTO instructor(id, name_arabic, name_english, phone_number, email, ritaj_id, office_hours, department_id) VALUES (14, 'عبد الكريم عواد', 'Instructor 14', '141414-14', 'instructor_email_14@example.com', 'RITAJ_I_14', 'Office Hours 14', 25);
INSERT INTO instructor(id, name_arabic, name_english, phone_number, email, ritaj_id, office_hours, department_id) VALUES (15, 'فراس بدوي', 'Instructor 15', '151515-15', 'instructor_email_15@example.com', 'RITAJ_I_15', 'Office Hours 15', 16);
INSERT INTO instructor(id, name_arabic, name_english, phone_number, email, ritaj_id, office_hours, department_id) VALUES (16, 'رائد العناني', 'Instructor 16', '161616-16', 'instructor_email_16@example.com', 'RITAJ_I_16', 'Office Hours 16', 19);
INSERT INTO instructor(id, name_arabic, name_english, phone_number, email, ritaj_id, office_hours, department_id) VALUES (17, 'مراد الشمايلة', 'Instructor 17', '171717-17', 'instructor_email_17@example.com', 'RITAJ_I_17', 'Office Hours 17', 16);
INSERT INTO instructor(id, name_arabic, name_english, phone_number, email, ritaj_id, office_hours, department_id) VALUES (18, 'ياسر الحسيني', 'Instructor 18', '181818-18', 'instructor_email_18@example.com', 'RITAJ_I_18', 'Office Hours 18', 20);
INSERT INTO instructor(id, name_arabic, name_english, phone_number, email, ritaj_id, office_hours, department_id) VALUES (19, 'رنا الحماد', 'Instructor 19', '191919-19', 'instructor_email_19@example.com', 'RITAJ_I_19', 'Office Hours 19', 12);
INSERT INTO instructor(id, name_arabic, name_english, phone_number, email, ritaj_id, office_hours, department_id) VALUES (20, 'نور الهدى عبد الرحمن', 'Instructor 20', '202020-20', 'instructor_email_20@example.com', 'RITAJ_I_20', 'Office Hours 20', 8);
INSERT INTO instructor(id, name_arabic, name_english, phone_number, email, ritaj_id, office_hours, department_id) VALUES (21, 'نجوى الحماد', 'Instructor 21', '212121-21', 'instructor_email_21@example.com', 'RITAJ_I_21', 'Office Hours 21', 27);
INSERT INTO instructor(id, name_arabic, name_english, phone_number, email, ritaj_id, office_hours, department_id) VALUES (22, 'خالد القدومي', 'Instructor 22', '222222-22', 'instructor_email_22@example.com', 'RITAJ_I_22', 'Office Hours 22', 2);
INSERT INTO instructor(id, name_arabic, name_english, phone_number, email, ritaj_id, office_hours, department_id) VALUES (23, 'سليمان النجار', 'Instructor 23', '232323-23', 'instructor_email_23@example.com', 'RITAJ_I_23', 'Office Hours 23', 23);
INSERT INTO instructor(id, name_arabic, name_english, phone_number, email, ritaj_id, office_hours, department_id) VALUES (24, 'ليلى السعدي', 'Instructor 24', '242424-24', 'instructor_email_24@example.com', 'RITAJ_I_24', 'Office Hours 24', 10);
INSERT INTO instructor(id, name_arabic, name_english, phone_number, email, ritaj_id, office_hours, department_id) VALUES (25, 'حسن البلبيسي', 'Instructor 25', '252525-25', 'instructor_email_25@example.com', 'RITAJ_I_25', 'Office Hours 25', 13);
INSERT INTO instructor(id, name_arabic, name_english, phone_number, email, ritaj_id, office_hours, department_id) VALUES (26, 'نادر العطار', 'Instructor 26', '262626-26', 'instructor_email_26@example.com', 'RITAJ_I_26', 'Office Hours 26', 26);
INSERT INTO instructor(id, name_arabic, name_english, phone_number, email, ritaj_id, office_hours, department_id) VALUES (27, 'رامي الزعبي', 'Instructor 27', '272727-27', 'instructor_email_27@example.com', 'RITAJ_I_27', 'Office Hours 27', 5);
INSERT INTO instructor(id, name_arabic, name_english, phone_number, email, ritaj_id, office_hours, department_id) VALUES (28, 'زياد الشيخ يوسف', 'Instructor 28', '282828-28', 'instructor_email_28@example.com', 'RITAJ_I_28', 'Office Hours 28', 10);
INSERT INTO instructor(id, name_arabic, name_english, phone_number, email, ritaj_id, office_hours, department_id) VALUES (29, 'لمى النسور', 'Instructor 29', '292929-29', 'instructor_email_29@example.com', 'RITAJ_I_29', 'Office Hours 29', 3);
INSERT INTO instructor(id, name_arabic, name_english, phone_number, email, ritaj_id, office_hours, department_id) VALUES (30, 'صالح الرفاعي', 'Instructor 30', '303030-30', 'instructor_email_30@example.com', 'RITAJ_I_30', 'Office Hours 30', 17);
INSERT INTO instructor(id, name_arabic, name_english, phone_number, email, ritaj_id, office_hours, department_id) VALUES (31, 'نادية العوضي', 'Instructor 31', '313131-31', 'instructor_email_31@example.com', 'RITAJ_I_31', 'Office Hours 31', 23);
INSERT INTO instructor(id, name_arabic, name_english, phone_number, email, ritaj_id, office_hours, department_id) VALUES (32, 'محمد العوضي', 'Instructor 32', '323232-32', 'instructor_email_32@example.com', 'RITAJ_I_32', 'Office Hours 32', 29);
INSERT INTO instructor(id, name_arabic, name_english, phone_number, email, ritaj_id, office_hours, department_id) VALUES (33, 'محمد العمري', 'Instructor 33', '333333-33', 'instructor_email_33@example.com', 'RITAJ_I_33', 'Office Hours 33', 20);
INSERT INTO instructor(id, name_arabic, name_english, phone_number, email, ritaj_id, office_hours, department_id) VALUES (34, 'هاني المسعود', 'Instructor 34', '343434-34', 'instructor_email_34@example.com', 'RITAJ_I_34', 'Office Hours 34', 1);
INSERT INTO instructor(id, name_arabic, name_english, phone_number, email, ritaj_id, office_hours, department_id) VALUES (35, 'مصطفى الخالدي', 'Instructor 35', '353535-35', 'instructor_email_35@example.com', 'RITAJ_I_35', 'Office Hours 35', 23);
INSERT INTO instructor(id, name_arabic, name_english, phone_number, email, ritaj_id, office_hours, department_id) VALUES (36, 'امير خليل', 'Instructor 36', '363636-36', 'instructor_email_36@example.com', 'RITAJ_I_36', 'Office Hours 36', 11);
INSERT INTO instructor(id, name_arabic, name_english, phone_number, email, ritaj_id, office_hours, department_id) VALUES (37, 'محمود طوافشة', 'Instructor 37', '373737-37', 'instructor_email_37@example.com', 'RITAJ_I_37', 'Office Hours 37', 9);
INSERT INTO instructor(id, name_arabic, name_english, phone_number, email, ritaj_id, office_hours, department_id) VALUES (38, 'علاء الدين الحماد', 'Instructor 38', '383838-38', 'instructor_email_38@example.com', 'RITAJ_I_38', 'Office Hours 38', 19);
INSERT INTO instructor(id, name_arabic, name_english, phone_number, email, ritaj_id, office_hours, department_id) VALUES (39, 'رانيا الخالدي', 'Instructor 39', '393939-39', 'instructor_email_39@example.com', 'RITAJ_I_39', 'Office Hours 39', 16);
INSERT INTO instructor(id, name_arabic, name_english, phone_number, email, ritaj_id, office_hours, department_id) VALUES (40, 'خلود حواسنة', 'Instructor 40', '404040-40', 'instructor_email_40@example.com', 'RITAJ_I_40', 'Office Hours 40', 12);
INSERT INTO instructor(id, name_arabic, name_english, phone_number, email, ritaj_id, office_hours, department_id) VALUES (41, 'سلام قطناني', 'Instructor 41', '414141-41', 'instructor_email_41@example.com', 'RITAJ_I_41', 'Office Hours 41', 26);
INSERT INTO instructor(id, name_arabic, name_english, phone_number, email, ritaj_id, office_hours, department_id) VALUES (42, 'ريما العمري', 'Instructor 42', '424242-42', 'instructor_email_42@example.com', 'RITAJ_I_42', 'Office Hours 42', 10);
INSERT INTO instructor(id, name_arabic, name_english, phone_number, email, ritaj_id, office_hours, department_id) VALUES (43, 'هبة العمريس', 'Instructor 43', '434343-43', 'instructor_email_43@example.com', 'RITAJ_I_43', 'Office Hours 43', 31);
INSERT INTO instructor(id, name_arabic, name_english, phone_number, email, ritaj_id, office_hours, department_id) VALUES (44, 'محمد العمريس', 'Instructor 44', '444444-44', 'instructor_email_44@example.com', 'RITAJ_I_44', 'Office Hours 44', 8);
INSERT INTO instructor(id, name_arabic, name_english, phone_number, email, ritaj_id, office_hours, department_id) VALUES (45, 'محمد الحاج علي', 'Instructor 45', '454545-45', 'instructor_email_45@example.com', 'RITAJ_I_45', 'Office Hours 45', 18);
INSERT INTO instructor(id, name_arabic, name_english, phone_number, email, ritaj_id, office_hours, department_id) VALUES (46, 'علي العمريس', 'Instructor 46', '464646-46', 'instructor_email_46@example.com', 'RITAJ_I_46', 'Office Hours 46', 2);
INSERT INTO instructor(id, name_arabic, name_english, phone_number, email, ritaj_id, office_hours, department_id) VALUES (47, 'راني الهلال', 'Instructor 47', '474747-47', 'instructor_email_47@example.com', 'RITAJ_I_47', 'Office Hours 47', 29);
INSERT INTO instructor(id, name_arabic, name_english, phone_number, email, ritaj_id, office_hours, department_id) VALUES (48, 'هلال الدين الحماد', 'Instructor 48', '484848-48', 'instructor_email_48@example.com', 'RITAJ_I_48', 'Office Hours 48', 2);
INSERT INTO instructor(id, name_arabic, name_english, phone_number, email, ritaj_id, office_hours, department_id) VALUES (49, 'محمد حماد', 'Instructor 49', '494949-49', 'instructor_email_49@example.com', 'RITAJ_I_49', 'Office Hours 49', 13);
INSERT INTO instructor(id, name_arabic, name_english, phone_number, email, ritaj_id, office_hours, department_id) VALUES (50, 'محمود بني مصطفى', 'Instructor 50', '505050-50', 'instructor_email_50@example.com', 'RITAJ_I_50', 'Office Hours 50', 1);
INSERT INTO instructor(id, name_arabic, name_english, phone_number, email, ritaj_id, office_hours, department_id) VALUES (51, 'ادم محمود', 'Instructor 51', '515151-51', 'instructor_email_51@example.com', 'RITAJ_I_51', 'Office Hours 51', 5);
INSERT INTO instructor(id, name_arabic, name_english, phone_number, email, ritaj_id, office_hours, department_id) VALUES (52, 'قصي علاونة', 'Instructor 52', '525252-52', 'instructor_email_52@example.com', 'RITAJ_I_52', 'Office Hours 52', 28);
INSERT INTO instructor(id, name_arabic, name_english, phone_number, email, ritaj_id, office_hours, department_id) VALUES (53, 'محمد علاونة', 'Instructor 53', '535353-53', 'instructor_email_53@example.com', 'RITAJ_I_53', 'Office Hours 53', 23);
UPDATE faculty SET dean_id = 1 WHERE id = 1;
UPDATE faculty SET dean_id = 2 WHERE id = 2;
UPDATE faculty SET dean_id = 3 WHERE id = 3;
UPDATE faculty SET dean_id = 4 WHERE id = 4;
UPDATE faculty SET dean_id = 5 WHERE id = 5;
UPDATE faculty SET dean_id = 6 WHERE id = 6;
UPDATE faculty SET dean_id = 7 WHERE id = 7;
UPDATE faculty SET dean_id = 8 WHERE id = 8;
UPDATE faculty SET dean_id = 9 WHERE id = 9;
UPDATE department SET head_instructor_id = 10 WHERE id = 1;
UPDATE department SET head_instructor_id = 11 WHERE id = 2;
UPDATE department SET head_instructor_id = 12 WHERE id = 3;
UPDATE department SET head_instructor_id = 13 WHERE id = 4;
UPDATE department SET head_instructor_id = 14 WHERE id = 5;
UPDATE department SET head_instructor_id = 15 WHERE id = 6;
UPDATE department SET head_instructor_id = 16 WHERE id = 7;
UPDATE department SET head_instructor_id = 17 WHERE id = 8;
UPDATE department SET head_instructor_id = 18 WHERE id = 9;
UPDATE department SET head_instructor_id = 19 WHERE id = 10;
UPDATE department SET head_instructor_id = 20 WHERE id = 11;
UPDATE department SET head_instructor_id = 21 WHERE id = 12;
UPDATE department SET head_instructor_id = 22 WHERE id = 13;
UPDATE department SET head_instructor_id = 23 WHERE id = 14;
UPDATE department SET head_instructor_id = 24 WHERE id = 15;
UPDATE department SET head_instructor_id = 25 WHERE id = 16;
UPDATE department SET head_instructor_id = 26 WHERE id = 17;
UPDATE department SET head_instructor_id = 27 WHERE id = 18;
UPDATE department SET head_instructor_id = 28 WHERE id = 19;
UPDATE department SET head_instructor_id = 29 WHERE id = 20;
UPDATE department SET head_instructor_id = 30 WHERE id = 21;
UPDATE department SET head_instructor_id = 31 WHERE id = 22;
UPDATE department SET head_instructor_id = 32 WHERE id = 23;
UPDATE department SET head_instructor_id = 33 WHERE id = 24;
UPDATE department SET head_instructor_id = 34 WHERE id = 25;
UPDATE department SET head_instructor_id = 35 WHERE id = 26;
UPDATE department SET head_instructor_id = 36 WHERE id = 27;
UPDATE department SET head_instructor_id = 37 WHERE id = 28;
UPDATE department SET head_instructor_id = 38 WHERE id = 29;
UPDATE department SET head_instructor_id = 39 WHERE id = 30;
UPDATE department SET head_instructor_id = 40 WHERE id = 31;
INSERT INTO major(id, department_id, name_arabic, name_english, symbol, description, hours) VALUES (1, 12, 'دكتور صيدلي', 'name english - major - PHD', 'PHD', 'Description for major 1', 158);
INSERT INTO major(id, department_id, name_arabic, name_english, symbol, description, hours) VALUES (2, 25, 'الهندسة المعمارية', 'name english - major - ARC', 'ARC', 'Description for major 2', 127);
INSERT INTO major(id, department_id, name_arabic, name_english, symbol, description, hours) VALUES (3, 27, 'التغذية والحمية', 'name english - major - NUT', 'NUT', 'Description for major 3', 127);
INSERT INTO major(id, department_id, name_arabic, name_english, symbol, description, hours) VALUES (4, 28, 'الهندسة المدنية', 'name english - major - CIV', 'CIV', 'Description for major 4', 130);
INSERT INTO major(id, department_id, name_arabic, name_english, symbol, description, hours) VALUES (5, 10, 'التمريض', 'name english - major - NUR', 'NUR', 'Description for major 5', 150);
INSERT INTO major(id, department_id, name_arabic, name_english, symbol, description, hours) VALUES (6, 20, 'هندسة التخطيط والتصميم الحضري', 'name english - major - URB', 'URB', 'Description for major 6', 136);
INSERT INTO major(id, department_id, name_arabic, name_english, symbol, description, hours) VALUES (7, 19, 'علاج النطق والسمع', 'name english - major - SLP', 'SLP', 'Description for major 7', 126);
INSERT INTO major(id, department_id, name_arabic, name_english, symbol, description, hours) VALUES (8, 17, 'الهندسة الكهربائية', 'name english - major - ECE', 'ECE', 'Description for major 8', 150);
INSERT INTO major(id, department_id, name_arabic, name_english, symbol, description, hours) VALUES (9, 26, 'الهندسة الميكانيكية', 'name english - major - MEC', 'MEC', 'Description for major 9', 137);
INSERT INTO major(id, department_id, name_arabic, name_english, symbol, description, hours) VALUES (10, 10, 'المحاسبة', 'name english - major - ACC', 'ACC', 'Description for major 10', 121);
INSERT INTO major(id, department_id, name_arabic, name_english, symbol, description, hours) VALUES (11, 10, 'هندسة الميكاترونيكس', 'name english - major - MCT', 'MCT', 'Description for major 11', 163);
INSERT INTO major(id, department_id, name_arabic, name_english, symbol, description, hours) VALUES (12, 11, 'إدارة الأعمال', 'name english - major - BUS', 'BUS', 'Description for major 12', 134);
INSERT INTO major(id, department_id, name_arabic, name_english, symbol, description, hours) VALUES (13, 10, 'هندسة الحاسوب', 'name english - major - CSC', 'CSC', 'Description for major 13', 138);
INSERT INTO major(id, department_id, name_arabic, name_english, symbol, description, hours) VALUES (14, 24, 'العلوم المالية والمصرفية', 'name english - major - FIN', 'FIN', 'Description for major 14', 147);
INSERT INTO major(id, department_id, name_arabic, name_english, symbol, description, hours) VALUES (15, 5, 'علم الحاسوب', 'name english - major - CSC', 'CSC', 'Description for major 15', 130);
INSERT INTO major(id, department_id, name_arabic, name_english, symbol, description, hours) VALUES (16, 6, 'العلوم المالية والاكتوارية', 'name english - major - FIM', 'FIM', 'Description for major 16', 121);
INSERT INTO major(id, department_id, name_arabic, name_english, symbol, description, hours) VALUES (17, 20, 'أمن المعلومات', 'name english - major - ISM', 'ISM', 'Description for major 17', 125);
INSERT INTO major(id, department_id, name_arabic, name_english, symbol, description, hours) VALUES (18, 31, 'التسويق', 'name english - major - MKT', 'MKT', 'Description for major 18', 133);
INSERT INTO major(id, department_id, name_arabic, name_english, symbol, description, hours) VALUES (19, 1, 'الاقتصاد', 'name english - major - ECO', 'ECO', 'Description for major 19', 154);
INSERT INTO major(id, department_id, name_arabic, name_english, symbol, description, hours) VALUES (20, 30, 'اللغة العربية وآدابها', 'name english - major - ARA', 'ARA', 'Description for major 20', 161);
INSERT INTO major(id, department_id, name_arabic, name_english, symbol, description, hours) VALUES (21, 4, 'اقتصاد الأعمال', 'name english - major - BEC', 'BEC', 'Description for major 21', 159);
INSERT INTO major(id, department_id, name_arabic, name_english, symbol, description, hours) VALUES (22, 16, 'اللغة الإنجليزية وآدابها', 'name english - major - ENG', 'ENG', 'Description for major 22', 158);
INSERT INTO major(id, department_id, name_arabic, name_english, symbol, description, hours) VALUES (23, 29, 'اللغة الإنجليزية وآدابها / فرعي الترجمة', 'name english - major - ENT', 'ENT', 'Description for major 23', 164);
INSERT INTO major(id, department_id, name_arabic, name_english, symbol, description, hours) VALUES (24, 1, 'القانون', 'name english - major - LAW', 'LAW', 'Description for major 24', 160);
INSERT INTO major(id, department_id, name_arabic, name_english, symbol, description, hours) VALUES (25, 9, 'الترجمة', 'name english - major - TRN', 'TRN', 'Description for major 25', 132);
INSERT INTO major(id, department_id, name_arabic, name_english, symbol, description, hours) VALUES (26, 20, 'الإدارة العامة', 'name english - major - ADM', 'ADM', 'Description for major 26', 135);
INSERT INTO major(id, department_id, name_arabic, name_english, symbol, description, hours) VALUES (27, 23, 'الإعلام', 'name english - major - MED', 'MED', 'Description for major 27', 135);
INSERT INTO major(id, department_id, name_arabic, name_english, symbol, description, hours) VALUES (28, 26, 'العلاقات الدولية', 'name english - major - INT', 'INT', 'Description for major 28', 155);
INSERT INTO major(id, department_id, name_arabic, name_english, symbol, description, hours) VALUES (29, 15, 'الاتصال الاستراتيجي', 'name english - major - COM', 'COM', 'Description for major 29', 156);
INSERT INTO major(id, department_id, name_arabic, name_english, symbol, description, hours) VALUES (30, 13, 'العلوم السياسية', 'name english - major - POL', 'POL', 'Description for major 30', 129);
INSERT INTO major(id, department_id, name_arabic, name_english, symbol, description, hours) VALUES (31, 1, 'اللغة الفرنسية', 'name english - major - FRE', 'FRE', 'Description for major 31', 138);
INSERT INTO major(id, department_id, name_arabic, name_english, symbol, description, hours) VALUES (32, 13, 'اللغة الألمانية', 'name english - major - GER', 'GER', 'Description for major 32', 139);
INSERT INTO major(id, department_id, name_arabic, name_english, symbol, description, hours) VALUES (33, 5, 'الأحياء', 'name english - major - BIO', 'BIO', 'Description for major 33', 161);
INSERT INTO major(id, department_id, name_arabic, name_english, symbol, description, hours) VALUES (34, 18, 'التاريخ والآثار', 'name english - major - HIS', 'HIS', 'Description for major 34', 130);
INSERT INTO major(id, department_id, name_arabic, name_english, symbol, description, hours) VALUES (35, 19, 'الأحياء / فرعي الكيمياء الحيوية', 'name english - major - BIC', 'BIC', 'Description for major 35', 126);
INSERT INTO major(id, department_id, name_arabic, name_english, symbol, description, hours) VALUES (36, 1, 'الجيوانفورماتكس', 'name english - major - GIS', 'GIS', 'Description for major 36', 120);
INSERT INTO major(id, department_id, name_arabic, name_english, symbol, description, hours) VALUES (37, 10, 'الكيمياء', 'name english - major - CHE', 'CHE', 'Description for major 37', 130);
INSERT INTO major(id, department_id, name_arabic, name_english, symbol, description, hours) VALUES (38, 1, 'رئيسي علم اجتماع / فرعي علم النفس', 'name english - major - SOC', 'SOC', 'Description for major 38', 138);
INSERT INTO major(id, department_id, name_arabic, name_english, symbol, description, hours) VALUES (39, 4, 'الكيمياء / فرعي الكيمياء الصناعية', 'name english - major - CHI', 'CHI', 'Description for major 39', 140);
INSERT INTO major(id, department_id, name_arabic, name_english, symbol, description, hours) VALUES (40, 10, 'رئيس علم اجتماع / فرعي الإدارة العامة', 'name english - major - PUB', 'PUB', 'Description for major 40', 121);
INSERT INTO major(id, department_id, name_arabic, name_english, symbol, description, hours) VALUES (41, 20, 'الرياضيات', 'name english - major - MAT', 'MAT', 'Description for major 41', 143);
INSERT INTO major(id, department_id, name_arabic, name_english, symbol, description, hours) VALUES (42, 3, 'رئيسي علم النفس / فرعي علم الاجتماع', 'name english - major - PSY', 'PSY', 'Description for major 42', 129);
INSERT INTO major(id, department_id, name_arabic, name_english, symbol, description, hours) VALUES (43, 28, 'الرياضيات / فرعي علم الحاسوب', 'name english - major - MCS', 'MCS', 'Description for major 43', 141);
INSERT INTO major(id, department_id, name_arabic, name_english, symbol, description, hours) VALUES (44, 31, 'رئيسي علم النفس / فرعي دراسات المرأة', 'name english - major - WST', 'WST', 'Description for major 44', 154);
INSERT INTO major(id, department_id, name_arabic, name_english, symbol, description, hours) VALUES (45, 6, 'الفيزياء', 'name english - major - PHY', 'PHY', 'Description for major 45', 137);
INSERT INTO major(id, department_id, name_arabic, name_english, symbol, description, hours) VALUES (46, 18, 'الفيزياء / فرعي الرياضيات', 'name english - major - PHM', 'PHM', 'Description for major 46', 127);
INSERT INTO major(id, department_id, name_arabic, name_english, symbol, description, hours) VALUES (47, 29, 'تعليم الاجتماعيات', 'name english - major - SST', 'SST', 'Description for major 47', 163);
INSERT INTO major(id, department_id, name_arabic, name_english, symbol, description, hours) VALUES (48, 12, 'تعليم اللغة الإنجليزية كلغة أجنبية', 'name english - major - TES', 'TES', 'Description for major 48', 127);
INSERT INTO major(id, department_id, name_arabic, name_english, symbol, description, hours) VALUES (49, 12, 'التصميم الداخلي', 'name english - major - INT', 'INT', 'Description for major 49', 124);
INSERT INTO major(id, department_id, name_arabic, name_english, symbol, description, hours) VALUES (50, 20, 'التعليم الجامع والتربية الخاصة', 'name english - major - SPED', 'SPED', 'Description for major 50', 152);
INSERT INTO major(id, department_id, name_arabic, name_english, symbol, description, hours) VALUES (51, 30, 'التصميم', 'name english - major - DES', 'DES', 'Description for major 51', 131);
INSERT INTO major(id, department_id, name_arabic, name_english, symbol, description, hours) VALUES (52, 26, 'التربية الرياضية', 'name english - major - PE', 'PE', 'Description for major 52', 127);
INSERT INTO major(id, department_id, name_arabic, name_english, symbol, description, hours) VALUES (53, 16, 'الفنون البصرية المعاصرة', 'name english - major - ART', 'ART', 'Description for major 53', 163);
INSERT INTO major(id, department_id, name_arabic, name_english, symbol, description, hours) VALUES (54, 8, 'الموسيقى', 'name english - major - MUS', 'MUS', 'Description for major 54', 121);
INSERT INTO course(id, major_id, name_arabic, name_english, symbol, description, credits) VALUES (1, 49, 'اللغة العربية', 'Arabic Language', 'ARB131', 'Description for course 1', 3);
INSERT INTO course(id, major_id, name_arabic, name_english, symbol, description, credits) VALUES (2, 35, 'الرياضيات المتقدمة', 'Advanced Mathematics', 'MAT231', 'Description for course 2', 3);
INSERT INTO course(id, major_id, name_arabic, name_english, symbol, description, credits) VALUES (3, 20, 'أساسيات البرمجة', 'Programming Fundamentals', 'CSC121', 'Description for course 3', 3);
INSERT INTO course(id, major_id, name_arabic, name_english, symbol, description, credits) VALUES (4, 6, 'الإقتصاد الكلي', 'Macroeconomics', 'ECO222', 'Description for course 4', 2);
INSERT INTO course(id, major_id, name_arabic, name_english, symbol, description, credits) VALUES (5, 45, 'الفيزياء الكلاسيكية', 'Classical Physics', 'PHY1411', 'Description for course 5', 4);
INSERT INTO course(id, major_id, name_arabic, name_english, symbol, description, credits) VALUES (6, 36, 'الكيمياء العضوية', 'Organic Chemistry', 'CHE1311', 'Description for course 6', 3);
INSERT INTO course(id, major_id, name_arabic, name_english, symbol, description, credits) VALUES (7, 48, 'نظرية الأعمال', 'Business Theory', 'BUS221', 'Description for course 7', 2);
INSERT INTO course(id, major_id, name_arabic, name_english, symbol, description, credits) VALUES (8, 33, 'القانون العام', 'Public Law', 'LAW331', 'Description for course 8', 3);
INSERT INTO course(id, major_id, name_arabic, name_english, symbol, description, credits) VALUES (9, 3, 'الرعاية الصحية', 'Healthcare', 'MED211', 'Description for course 9', 1);
INSERT INTO course(id, major_id, name_arabic, name_english, symbol, description, credits) VALUES (10, 30, 'مقدمة في العمارة', 'Introduction to Architecture', 'ARC151', 'Description for course 10', 5);
INSERT INTO teaching_assistant(id, name_arabic, name_english, phone_number, email, ritaj_id, department_id) VALUES (1, 'ليلى السعدي', 'TA 1', '111-1', 'assistant_email_1@example.com', 'RITAJ_A_1', 3);
INSERT INTO teaching_assistant(id, name_arabic, name_english, phone_number, email, ritaj_id, department_id) VALUES (2, 'رباب الحجازي', 'TA 2', '222-2', 'assistant_email_2@example.com', 'RITAJ_A_2', 8);
INSERT INTO teaching_assistant(id, name_arabic, name_english, phone_number, email, ritaj_id, department_id) VALUES (3, 'نجاح الزهراني', 'TA 3', '333-3', 'assistant_email_3@example.com', 'RITAJ_A_3', 18);
INSERT INTO teaching_assistant(id, name_arabic, name_english, phone_number, email, ritaj_id, department_id) VALUES (4, 'حسين الأحمد', 'TA 4', '444-4', 'assistant_email_4@example.com', 'RITAJ_A_4', 5);
INSERT INTO teaching_assistant(id, name_arabic, name_english, phone_number, email, ritaj_id, department_id) VALUES (5, 'نورة السالم', 'TA 5', '555-5', 'assistant_email_5@example.com', 'RITAJ_A_5', 2);
INSERT INTO teaching_assistant(id, name_arabic, name_english, phone_number, email, ritaj_id, department_id) VALUES (6, 'مريم الخالدي', 'TA 6', '666-6', 'assistant_email_6@example.com', 'RITAJ_A_6', 30);
INSERT INTO teaching_assistant(id, name_arabic, name_english, phone_number, email, ritaj_id, department_id) VALUES (7, 'رناد العربي', 'TA 7', '777-7', 'assistant_email_7@example.com', 'RITAJ_A_7', 11);
INSERT INTO teaching_assistant(id, name_arabic, name_english, phone_number, email, ritaj_id, department_id) VALUES (8, 'محمود الرفاعي', 'TA 8', '888-8', 'assistant_email_8@example.com', 'RITAJ_A_8', 21);
INSERT INTO teaching_assistant(id, name_arabic, name_english, phone_number, email, ritaj_id, department_id) VALUES (9, 'فاطمة الراشد', 'TA 9', '999-9', 'assistant_email_9@example.com', 'RITAJ_A_9', 24);
INSERT INTO teaching_assistant(id, name_arabic, name_english, phone_number, email, ritaj_id, department_id) VALUES (10, 'أمينة الخريبط', 'TA 10', '101010-10', 'assistant_email_10@example.com', 'RITAJ_A_10', 16);
INSERT INTO teaching_assistant(id, name_arabic, name_english, phone_number, email, ritaj_id, department_id) VALUES (11, 'سارة السهلي', 'TA 11', '111111-11', 'assistant_email_11@example.com', 'RITAJ_A_11', 29);
INSERT INTO teaching_assistant(id, name_arabic, name_english, phone_number, email, ritaj_id, department_id) VALUES (12, 'صالح الحميدي', 'TA 12', '121212-12', 'assistant_email_12@example.com', 'RITAJ_A_12', 5);
INSERT INTO teaching_assistant(id, name_arabic, name_english, phone_number, email, ritaj_id, department_id) VALUES (13, 'هناء العمران', 'TA 13', '131313-13', 'assistant_email_13@example.com', 'RITAJ_A_13', 4);
INSERT INTO teaching_assistant(id, name_arabic, name_english, phone_number, email, ritaj_id, department_id) VALUES (14, 'خديجة الحربي', 'TA 14', '141414-14', 'assistant_email_14@example.com', 'RITAJ_A_14', 30);
INSERT INTO teaching_assistant(id, name_arabic, name_english, phone_number, email, ritaj_id, department_id) VALUES (15, 'أمل العليان', 'TA 15', '151515-15', 'assistant_email_15@example.com', 'RITAJ_A_15', 20);
INSERT INTO teaching_assistant(id, name_arabic, name_english, phone_number, email, ritaj_id, department_id) VALUES (16, 'هشام الحسين', 'TA 16', '161616-16', 'assistant_email_16@example.com', 'RITAJ_A_16', 13);
INSERT INTO teaching_assistant(id, name_arabic, name_english, phone_number, email, ritaj_id, department_id) VALUES (17, 'زينب الحواس', 'TA 17', '171717-17', 'assistant_email_17@example.com', 'RITAJ_A_17', 31);
INSERT INTO teaching_assistant(id, name_arabic, name_english, phone_number, email, ritaj_id, department_id) VALUES (18, 'رحاب العثمان', 'TA 18', '181818-18', 'assistant_email_18@example.com', 'RITAJ_A_18', 13);
INSERT INTO teaching_assistant(id, name_arabic, name_english, phone_number, email, ritaj_id, department_id) VALUES (19, 'منى الشهري', 'TA 19', '191919-19', 'assistant_email_19@example.com', 'RITAJ_A_19', 27);
INSERT INTO teaching_assistant(id, name_arabic, name_english, phone_number, email, ritaj_id, department_id) VALUES (20, 'ياسمين السهيل', 'TA 20', '202020-20', 'assistant_email_20@example.com', 'RITAJ_A_20', 16);
INSERT INTO teaching_assistant(id, name_arabic, name_english, phone_number, email, ritaj_id, department_id) VALUES (21, 'لمياء الغامدي', 'TA 21', '212121-21', 'assistant_email_21@example.com', 'RITAJ_A_21', 23);
INSERT INTO teaching_assistant(id, name_arabic, name_english, phone_number, email, ritaj_id, department_id) VALUES (22, 'ريم الفايز', 'TA 22', '222222-22', 'assistant_email_22@example.com', 'RITAJ_A_22', 17);
INSERT INTO teaching_assistant(id, name_arabic, name_english, phone_number, email, ritaj_id, department_id) VALUES (23, 'ميسون السواط', 'TA 23', '232323-23', 'assistant_email_23@example.com', 'RITAJ_A_23', 16);
INSERT INTO teaching_assistant(id, name_arabic, name_english, phone_number, email, ritaj_id, department_id) VALUES (24, 'علي الراجحي', 'TA 24', '242424-24', 'assistant_email_24@example.com', 'RITAJ_A_24', 18);
INSERT INTO teaching_assistant(id, name_arabic, name_english, phone_number, email, ritaj_id, department_id) VALUES (25, 'سماهر القصيمي', 'TA 25', '252525-25', 'assistant_email_25@example.com', 'RITAJ_A_25', 7);
INSERT INTO teaching_assistant(id, name_arabic, name_english, phone_number, email, ritaj_id, department_id) VALUES (26, 'مها العنزي', 'TA 26', '262626-26', 'assistant_email_26@example.com', 'RITAJ_A_26', 14);
INSERT INTO teaching_assistant(id, name_arabic, name_english, phone_number, email, ritaj_id, department_id) VALUES (27, 'سحر القحطاني', 'TA 27', '272727-27', 'assistant_email_27@example.com', 'RITAJ_A_27', 19);
INSERT INTO teaching_assistant(id, name_arabic, name_english, phone_number, email, ritaj_id, department_id) VALUES (28, 'أحمد الجبرين', 'TA 28', '282828-28', 'assistant_email_28@example.com', 'RITAJ_A_28', 4);
INSERT INTO teaching_assistant(id, name_arabic, name_english, phone_number, email, ritaj_id, department_id) VALUES (29, 'فاطمة الراوي', 'TA 29', '292929-29', 'assistant_email_29@example.com', 'RITAJ_A_29', 10);
INSERT INTO teaching_assistant(id, name_arabic, name_english, phone_number, email, ritaj_id, department_id) VALUES (30, 'سوسن العمير', 'TA 30', '303030-30', 'assistant_email_30@example.com', 'RITAJ_A_30', 10);
INSERT INTO teaching_assistant(id, name_arabic, name_english, phone_number, email, ritaj_id, department_id) VALUES (31, 'سلمى العبدالكريم', 'TA 31', '313131-31', 'assistant_email_31@example.com', 'RITAJ_A_31', 27);
INSERT INTO teaching_assistant(id, name_arabic, name_english, phone_number, email, ritaj_id, department_id) VALUES (32, 'فريدة السديري', 'TA 32', '323232-32', 'assistant_email_32@example.com', 'RITAJ_A_32', 11);
INSERT INTO teaching_assistant(id, name_arabic, name_english, phone_number, email, ritaj_id, department_id) VALUES (33, 'أسماء الشلهوب', 'TA 33', '333333-33', 'assistant_email_33@example.com', 'RITAJ_A_33', 15);
INSERT INTO teaching_assistant(id, name_arabic, name_english, phone_number, email, ritaj_id, department_id) VALUES (34, 'ريما الشعلان', 'TA 34', '343434-34', 'assistant_email_34@example.com', 'RITAJ_A_34', 24);
INSERT INTO teaching_assistant(id, name_arabic, name_english, phone_number, email, ritaj_id, department_id) VALUES (35, 'حسن الدوسري', 'TA 35', '353535-35', 'assistant_email_35@example.com', 'RITAJ_A_35', 18);
INSERT INTO teaching_assistant(id, name_arabic, name_english, phone_number, email, ritaj_id, department_id) VALUES (36, 'لطيفة الفوزان', 'TA 36', '363636-36', 'assistant_email_36@example.com', 'RITAJ_A_36', 14);
INSERT INTO teaching_assistant(id, name_arabic, name_english, phone_number, email, ritaj_id, department_id) VALUES (37, 'سهام الرميح', 'TA 37', '373737-37', 'assistant_email_37@example.com', 'RITAJ_A_37', 19);
INSERT INTO teaching_assistant(id, name_arabic, name_english, phone_number, email, ritaj_id, department_id) VALUES (38, 'سلمى القرشي', 'TA 38', '383838-38', 'assistant_email_38@example.com', 'RITAJ_A_38', 3);
INSERT INTO teaching_assistant(id, name_arabic, name_english, phone_number, email, ritaj_id, department_id) VALUES (39, 'محمد الشعلان', 'TA 39', '393939-39', 'assistant_email_39@example.com', 'RITAJ_A_39', 29);
INSERT INTO teaching_assistant(id, name_arabic, name_english, phone_number, email, ritaj_id, department_id) VALUES (40, 'حواء العتيبي', 'TA 40', '404040-40', 'assistant_email_40@example.com', 'RITAJ_A_40', 24);
INSERT INTO teaching_assistant(id, name_arabic, name_english, phone_number, email, ritaj_id, department_id) VALUES (41, 'هدى الشيباني', 'TA 41', '414141-41', 'assistant_email_41@example.com', 'RITAJ_A_41', 25);
INSERT INTO course_prerequisite(course_id, prerequisite_id) VALUES (2, 9);
INSERT INTO course_prerequisite(course_id, prerequisite_id) VALUES (2, 7);
INSERT INTO course_prerequisite(course_id, prerequisite_id) VALUES (3, 1);
INSERT INTO course_prerequisite(course_id, prerequisite_id) VALUES (5, 6);
INSERT INTO course_prerequisite(course_id, prerequisite_id) VALUES (5, 9);
INSERT INTO course_prerequisite(course_id, prerequisite_id) VALUES (7, 4);
INSERT INTO course_prerequisite(course_id, prerequisite_id) VALUES (8, 9);
INSERT INTO instructor_course(instructor_id, course_id) VALUES (1, 5);
INSERT INTO instructor_course(instructor_id, course_id) VALUES (1, 3);
INSERT INTO instructor_course(instructor_id, course_id) VALUES (1, 4);
INSERT INTO instructor_course(instructor_id, course_id) VALUES (2, 1);
INSERT INTO instructor_course(instructor_id, course_id) VALUES (3, 3);
INSERT INTO instructor_course(instructor_id, course_id) VALUES (3, 1);
INSERT INTO instructor_course(instructor_id, course_id) VALUES (4, 9);
INSERT INTO instructor_course(instructor_id, course_id) VALUES (4, 6);
INSERT INTO instructor_course(instructor_id, course_id) VALUES (4, 2);
INSERT INTO instructor_course(instructor_id, course_id) VALUES (5, 6);
INSERT INTO instructor_course(instructor_id, course_id) VALUES (6, 3);
INSERT INTO instructor_course(instructor_id, course_id) VALUES (6, 4);
INSERT INTO instructor_course(instructor_id, course_id) VALUES (6, 10);
INSERT INTO instructor_course(instructor_id, course_id) VALUES (7, 2);
INSERT INTO instructor_course(instructor_id, course_id) VALUES (8, 2);
INSERT INTO instructor_course(instructor_id, course_id) VALUES (8, 6);
INSERT INTO instructor_course(instructor_id, course_id) VALUES (8, 4);
INSERT INTO instructor_course(instructor_id, course_id) VALUES (9, 6);
INSERT INTO instructor_course(instructor_id, course_id) VALUES (10, 6);
INSERT INTO instructor_course(instructor_id, course_id) VALUES (10, 8);
INSERT INTO instructor_course(instructor_id, course_id) VALUES (10, 1);
INSERT INTO instructor_course(instructor_id, course_id) VALUES (11, 9);
INSERT INTO instructor_course(instructor_id, course_id) VALUES (12, 8);
INSERT INTO instructor_course(instructor_id, course_id) VALUES (12, 2);
INSERT INTO instructor_course(instructor_id, course_id) VALUES (13, 8);
INSERT INTO instructor_course(instructor_id, course_id) VALUES (13, 6);
INSERT INTO instructor_course(instructor_id, course_id) VALUES (13, 1);
INSERT INTO instructor_course(instructor_id, course_id) VALUES (14, 1);
INSERT INTO instructor_course(instructor_id, course_id) VALUES (15, 4);
INSERT INTO instructor_course(instructor_id, course_id) VALUES (16, 8);
INSERT INTO instructor_course(instructor_id, course_id) VALUES (17, 7);
INSERT INTO instructor_course(instructor_id, course_id) VALUES (18, 8);
INSERT INTO instructor_course(instructor_id, course_id) VALUES (18, 10);
INSERT INTO instructor_course(instructor_id, course_id) VALUES (18, 7);
INSERT INTO instructor_course(instructor_id, course_id) VALUES (19, 10);
INSERT INTO instructor_course(instructor_id, course_id) VALUES (19, 3);
INSERT INTO instructor_course(instructor_id, course_id) VALUES (19, 4);
INSERT INTO instructor_course(instructor_id, course_id) VALUES (20, 1);
INSERT INTO instructor_course(instructor_id, course_id) VALUES (20, 2);
INSERT INTO instructor_course(instructor_id, course_id) VALUES (21, 4);
INSERT INTO instructor_course(instructor_id, course_id) VALUES (21, 8);
INSERT INTO instructor_course(instructor_id, course_id) VALUES (22, 5);
INSERT INTO instructor_course(instructor_id, course_id) VALUES (22, 4);
INSERT INTO instructor_course(instructor_id, course_id) VALUES (22, 9);
INSERT INTO instructor_course(instructor_id, course_id) VALUES (23, 7);
INSERT INTO instructor_course(instructor_id, course_id) VALUES (23, 4);
INSERT INTO instructor_course(instructor_id, course_id) VALUES (24, 5);
INSERT INTO instructor_course(instructor_id, course_id) VALUES (25, 10);
INSERT INTO instructor_course(instructor_id, course_id) VALUES (25, 9);
INSERT INTO instructor_course(instructor_id, course_id) VALUES (25, 2);
INSERT INTO instructor_course(instructor_id, course_id) VALUES (26, 1);
INSERT INTO instructor_course(instructor_id, course_id) VALUES (27, 7);
INSERT INTO instructor_course(instructor_id, course_id) VALUES (27, 1);
INSERT INTO instructor_course(instructor_id, course_id) VALUES (28, 6);
INSERT INTO instructor_course(instructor_id, course_id) VALUES (28, 4);
INSERT INTO instructor_course(instructor_id, course_id) VALUES (29, 9);
INSERT INTO instructor_course(instructor_id, course_id) VALUES (29, 8);
INSERT INTO instructor_course(instructor_id, course_id) VALUES (30, 9);
INSERT INTO instructor_course(instructor_id, course_id) VALUES (31, 7);
INSERT INTO instructor_course(instructor_id, course_id) VALUES (32, 4);
INSERT INTO instructor_course(instructor_id, course_id) VALUES (32, 9);
INSERT INTO instructor_course(instructor_id, course_id) VALUES (33, 8);
INSERT INTO instructor_course(instructor_id, course_id) VALUES (33, 3);
INSERT INTO instructor_course(instructor_id, course_id) VALUES (34, 8);
INSERT INTO instructor_course(instructor_id, course_id) VALUES (34, 3);
INSERT INTO instructor_course(instructor_id, course_id) VALUES (34, 6);
INSERT INTO instructor_course(instructor_id, course_id) VALUES (35, 6);
INSERT INTO instructor_course(instructor_id, course_id) VALUES (35, 5);
INSERT INTO instructor_course(instructor_id, course_id) VALUES (36, 6);
INSERT INTO instructor_course(instructor_id, course_id) VALUES (36, 3);
INSERT INTO instructor_course(instructor_id, course_id) VALUES (37, 8);
INSERT INTO instructor_course(instructor_id, course_id) VALUES (38, 4);
INSERT INTO instructor_course(instructor_id, course_id) VALUES (38, 2);
INSERT INTO instructor_course(instructor_id, course_id) VALUES (39, 2);
INSERT INTO instructor_course(instructor_id, course_id) VALUES (40, 2);
INSERT INTO instructor_course(instructor_id, course_id) VALUES (40, 4);
INSERT INTO instructor_course(instructor_id, course_id) VALUES (40, 10);
INSERT INTO instructor_course(instructor_id, course_id) VALUES (41, 4);
INSERT INTO instructor_course(instructor_id, course_id) VALUES (42, 5);
INSERT INTO instructor_course(instructor_id, course_id) VALUES (43, 1);
INSERT INTO instructor_course(instructor_id, course_id) VALUES (43, 10);
INSERT INTO instructor_course(instructor_id, course_id) VALUES (43, 9);
INSERT INTO instructor_course(instructor_id, course_id) VALUES (44, 2);
INSERT INTO instructor_course(instructor_id, course_id) VALUES (45, 8);
INSERT INTO instructor_course(instructor_id, course_id) VALUES (46, 1);
INSERT INTO instructor_course(instructor_id, course_id) VALUES (47, 9);
INSERT INTO instructor_course(instructor_id, course_id) VALUES (47, 2);
INSERT INTO instructor_course(instructor_id, course_id) VALUES (48, 4);
INSERT INTO instructor_course(instructor_id, course_id) VALUES (49, 10);
INSERT INTO instructor_course(instructor_id, course_id) VALUES (49, 9);
INSERT INTO instructor_course(instructor_id, course_id) VALUES (50, 6);
INSERT INTO instructor_course(instructor_id, course_id) VALUES (50, 4);
INSERT INTO instructor_course(instructor_id, course_id) VALUES (51, 7);
INSERT INTO instructor_course(instructor_id, course_id) VALUES (52, 3);
INSERT INTO instructor_course(instructor_id, course_id) VALUES (52, 7);
INSERT INTO instructor_course(instructor_id, course_id) VALUES (53, 6);
INSERT INTO instructor_course(instructor_id, course_id) VALUES (53, 7);
INSERT INTO instructor_course(instructor_id, course_id) VALUES (53, 2);
INSERT INTO ta_course(ta_id, course_id) VALUES (1, 1);
INSERT INTO ta_course(ta_id, course_id) VALUES (2, 10);
INSERT INTO ta_course(ta_id, course_id) VALUES (3, 8);
INSERT INTO ta_course(ta_id, course_id) VALUES (4, 4);
INSERT INTO ta_course(ta_id, course_id) VALUES (5, 3);
INSERT INTO ta_course(ta_id, course_id) VALUES (5, 8);
INSERT INTO ta_course(ta_id, course_id) VALUES (5, 7);
INSERT INTO ta_course(ta_id, course_id) VALUES (6, 7);
INSERT INTO ta_course(ta_id, course_id) VALUES (7, 8);
INSERT INTO ta_course(ta_id, course_id) VALUES (7, 5);
INSERT INTO ta_course(ta_id, course_id) VALUES (7, 10);
INSERT INTO ta_course(ta_id, course_id) VALUES (8, 7);
INSERT INTO ta_course(ta_id, course_id) VALUES (8, 4);
INSERT INTO ta_course(ta_id, course_id) VALUES (8, 1);
INSERT INTO ta_course(ta_id, course_id) VALUES (9, 3);
INSERT INTO ta_course(ta_id, course_id) VALUES (9, 10);
INSERT INTO ta_course(ta_id, course_id) VALUES (10, 8);
INSERT INTO ta_course(ta_id, course_id) VALUES (10, 9);
INSERT INTO ta_course(ta_id, course_id) VALUES (10, 7);
INSERT INTO ta_course(ta_id, course_id) VALUES (11, 3);
INSERT INTO ta_course(ta_id, course_id) VALUES (11, 8);
INSERT INTO ta_course(ta_id, course_id) VALUES (12, 2);
INSERT INTO ta_course(ta_id, course_id) VALUES (12, 6);
INSERT INTO ta_course(ta_id, course_id) VALUES (12, 3);
INSERT INTO ta_course(ta_id, course_id) VALUES (13, 9);
INSERT INTO ta_course(ta_id, course_id) VALUES (14, 9);
INSERT INTO ta_course(ta_id, course_id) VALUES (14, 8);
INSERT INTO ta_course(ta_id, course_id) VALUES (14, 4);
INSERT INTO ta_course(ta_id, course_id) VALUES (15, 4);
INSERT INTO ta_course(ta_id, course_id) VALUES (16, 10);
INSERT INTO ta_course(ta_id, course_id) VALUES (17, 8);
INSERT INTO ta_course(ta_id, course_id) VALUES (17, 4);
INSERT INTO ta_course(ta_id, course_id) VALUES (18, 7);
INSERT INTO ta_course(ta_id, course_id) VALUES (18, 3);
INSERT INTO ta_course(ta_id, course_id) VALUES (18, 5);
INSERT INTO ta_course(ta_id, course_id) VALUES (19, 1);
INSERT INTO ta_course(ta_id, course_id) VALUES (20, 2);
INSERT INTO ta_course(ta_id, course_id) VALUES (20, 8);
INSERT INTO ta_course(ta_id, course_id) VALUES (20, 7);
INSERT INTO ta_course(ta_id, course_id) VALUES (21, 8);
INSERT INTO ta_course(ta_id, course_id) VALUES (24, 6);
INSERT INTO ta_course(ta_id, course_id) VALUES (25, 8);
INSERT INTO ta_course(ta_id, course_id) VALUES (25, 6);
INSERT INTO ta_course(ta_id, course_id) VALUES (25, 7);
INSERT INTO ta_course(ta_id, course_id) VALUES (26, 6);
INSERT INTO ta_course(ta_id, course_id) VALUES (26, 5);
INSERT INTO ta_course(ta_id, course_id) VALUES (26, 4);
INSERT INTO ta_course(ta_id, course_id) VALUES (27, 4);
INSERT INTO ta_course(ta_id, course_id) VALUES (27, 6);
INSERT INTO ta_course(ta_id, course_id) VALUES (28, 6);
INSERT INTO ta_course(ta_id, course_id) VALUES (29, 1);
INSERT INTO ta_course(ta_id, course_id) VALUES (29, 3);
INSERT INTO ta_course(ta_id, course_id) VALUES (29, 4);
INSERT INTO ta_course(ta_id, course_id) VALUES (30, 3);
INSERT INTO ta_course(ta_id, course_id) VALUES (31, 8);
INSERT INTO ta_course(ta_id, course_id) VALUES (32, 2);
INSERT INTO ta_course(ta_id, course_id) VALUES (32, 10);
INSERT INTO ta_course(ta_id, course_id) VALUES (33, 7);
INSERT INTO ta_course(ta_id, course_id) VALUES (33, 8);
INSERT INTO ta_course(ta_id, course_id) VALUES (33, 5);
INSERT INTO ta_course(ta_id, course_id) VALUES (34, 5);
INSERT INTO ta_course(ta_id, course_id) VALUES (34, 2);
INSERT INTO ta_course(ta_id, course_id) VALUES (35, 5);
INSERT INTO ta_course(ta_id, course_id) VALUES (37, 1);
INSERT INTO ta_course(ta_id, course_id) VALUES (38, 1);
INSERT INTO ta_course(ta_id, course_id) VALUES (38, 8);
INSERT INTO ta_course(ta_id, course_id) VALUES (38, 2);
INSERT INTO ta_course(ta_id, course_id) VALUES (39, 5);
INSERT INTO ta_course(ta_id, course_id) VALUES (39, 9);
INSERT INTO ta_course(ta_id, course_id) VALUES (40, 9);
INSERT INTO ta_course(ta_id, course_id) VALUES (41, 10);
INSERT INTO ta_course(ta_id, course_id) VALUES (41, 9);
INSERT INTO ta_course(ta_id, course_id) VALUES (41, 1);
