INSERT INTO faculty(id, name_arabic, name_english, symbol, description, dean_id) VALUES (1, 'الهندسة والتكنولوجيا', 'name english - faculty - ENG', 'ENG', 'Description for faculty 1', NULL);
INSERT INTO faculty(id, name_arabic, name_english, symbol, description, dean_id) VALUES (2, 'الأعمال والاقتصاد', 'name english - faculty - BAF', 'BAF', 'Description for faculty 2', NULL);
INSERT INTO faculty(id, name_arabic, name_english, symbol, description, dean_id) VALUES (3, 'التربية', 'name english - faculty - EDU', 'EDU', 'Description for faculty 3', NULL);
INSERT INTO faculty(id, name_arabic, name_english, symbol, description, dean_id) VALUES (4, 'الحقوق والإدارة العامة', 'name english - faculty - LAW', 'LAW', 'Description for faculty 4', NULL);
INSERT INTO faculty(id, name_arabic, name_english, symbol, description, dean_id) VALUES (5, 'الدراسات العليا والأبحاث', 'name english - faculty - GRS', 'GRS', 'Description for faculty 5', NULL);
INSERT INTO faculty(id, name_arabic, name_english, symbol, description, dean_id) VALUES (6, 'الصيدلة والتمريض والمهن الصحية', 'name english - faculty - MED', 'MED', 'Description for faculty 6', NULL);
INSERT INTO faculty(id, name_arabic, name_english, symbol, description, dean_id) VALUES (7, 'العلوم', 'name english - faculty - SCI', 'SCI', 'Description for faculty 7', NULL);
INSERT INTO faculty(id, name_arabic, name_english, symbol, description, dean_id) VALUES (8, 'الفنون والموسيقى والتصميم', 'name english - faculty - ART', 'ART', 'Description for faculty 8', NULL);
INSERT INTO faculty(id, name_arabic, name_english, symbol, description, dean_id) VALUES (9, 'الآداب', 'name english - faculty - HUM', 'HUM', 'Description for faculty 9', NULL);
INSERT INTO instructor(id, name_arabic, name_english, phone_number, email, ritaj_id, office_hours, department_id) VALUES (1, 'عدنان يحيى', 'Instructor 1', '111-1', 'instructor_email_1@example.com', 'RITAJ_I_1', 'Office Hours 1', 18);
INSERT INTO instructor(id, name_arabic, name_english, phone_number, email, ritaj_id, office_hours, department_id) VALUES (2, 'راضي جرار', 'Instructor 2', '222-2', 'instructor_email_2@example.com', 'RITAJ_I_2', 'Office Hours 2', 9);
INSERT INTO instructor(id, name_arabic, name_english, phone_number, email, ritaj_id, office_hours, department_id) VALUES (3, 'مصطفى جرار', 'Instructor 3', '333-3', 'instructor_email_3@example.com', 'RITAJ_I_3', 'Office Hours 3', 1);
INSERT INTO instructor(id, name_arabic, name_english, phone_number, email, ritaj_id, office_hours, department_id) VALUES (4, 'عبد العزيز شوابكة', 'Instructor 4', '444-4', 'instructor_email_4@example.com', 'RITAJ_I_4', 'Office Hours 4', 22);
INSERT INTO instructor(id, name_arabic, name_english, phone_number, email, ritaj_id, office_hours, department_id) VALUES (5, 'عبد الله السعدة', 'Instructor 5', '555-5', 'instructor_email_5@example.com', 'RITAJ_I_5', 'Office Hours 5', 16);
INSERT INTO instructor(id, name_arabic, name_english, phone_number, email, ritaj_id, office_hours, department_id) VALUES (6, 'احمد السعدة', 'Instructor 6', '666-6', 'instructor_email_6@example.com', 'RITAJ_I_6', 'Office Hours 6', 16);
INSERT INTO instructor(id, name_arabic, name_english, phone_number, email, ritaj_id, office_hours, department_id) VALUES (7, 'مهران قرعان', 'Instructor 7', '777-7', 'instructor_email_7@example.com', 'RITAJ_I_7', 'Office Hours 7', 19);
INSERT INTO instructor(id, name_arabic, name_english, phone_number, email, ritaj_id, office_hours, department_id) VALUES (8, 'بشار طحاينه', 'Instructor 8', '888-8', 'instructor_email_8@example.com', 'RITAJ_I_8', 'Office Hours 8', 13);
INSERT INTO instructor(id, name_arabic, name_english, phone_number, email, ritaj_id, office_hours, department_id) VALUES (9, 'محمد هلال', 'Instructor 9', '999-9', 'instructor_email_9@example.com', 'RITAJ_I_9', 'Office Hours 9', 6);
INSERT INTO instructor(id, name_arabic, name_english, phone_number, email, ritaj_id, office_hours, department_id) VALUES (10, 'دانا القيمري', 'Instructor 10', '101010-10', 'instructor_email_10@example.com', 'RITAJ_I_10', 'Office Hours 10', 30);
INSERT INTO instructor(id, name_arabic, name_english, phone_number, email, ritaj_id, office_hours, department_id) VALUES (11, 'ابراهيم حماد', 'Instructor 11', '111111-11', 'instructor_email_11@example.com', 'RITAJ_I_11', 'Office Hours 11', 4);
INSERT INTO instructor(id, name_arabic, name_english, phone_number, email, ritaj_id, office_hours, department_id) VALUES (12, 'أحمد أبو سنينة', 'Instructor 12', '121212-12', 'instructor_email_12@example.com', 'RITAJ_I_12', 'Office Hours 12', 12);
INSERT INTO instructor(id, name_arabic, name_english, phone_number, email, ritaj_id, office_hours, department_id) VALUES (13, 'سامر الزين', 'Instructor 13', '131313-13', 'instructor_email_13@example.com', 'RITAJ_I_13', 'Office Hours 13', 5);
INSERT INTO instructor(id, name_arabic, name_english, phone_number, email, ritaj_id, office_hours, department_id) VALUES (14, 'عبد الكريم عواد', 'Instructor 14', '141414-14', 'instructor_email_14@example.com', 'RITAJ_I_14', 'Office Hours 14', 1);
INSERT INTO instructor(id, name_arabic, name_english, phone_number, email, ritaj_id, office_hours, department_id) VALUES (15, 'فراس بدوي', 'Instructor 15', '151515-15', 'instructor_email_15@example.com', 'RITAJ_I_15', 'Office Hours 15', 29);
INSERT INTO instructor(id, name_arabic, name_english, phone_number, email, ritaj_id, office_hours, department_id) VALUES (16, 'رائد العناني', 'Instructor 16', '161616-16', 'instructor_email_16@example.com', 'RITAJ_I_16', 'Office Hours 16', 8);
INSERT INTO instructor(id, name_arabic, name_english, phone_number, email, ritaj_id, office_hours, department_id) VALUES (17, 'مراد الشمايلة', 'Instructor 17', '171717-17', 'instructor_email_17@example.com', 'RITAJ_I_17', 'Office Hours 17', 29);
INSERT INTO instructor(id, name_arabic, name_english, phone_number, email, ritaj_id, office_hours, department_id) VALUES (18, 'ياسر الحسيني', 'Instructor 18', '181818-18', 'instructor_email_18@example.com', 'RITAJ_I_18', 'Office Hours 18', 22);
INSERT INTO instructor(id, name_arabic, name_english, phone_number, email, ritaj_id, office_hours, department_id) VALUES (19, 'رنا الحماد', 'Instructor 19', '191919-19', 'instructor_email_19@example.com', 'RITAJ_I_19', 'Office Hours 19', 20);
INSERT INTO instructor(id, name_arabic, name_english, phone_number, email, ritaj_id, office_hours, department_id) VALUES (20, 'نور الهدى عبد الرحمن', 'Instructor 20', '202020-20', 'instructor_email_20@example.com', 'RITAJ_I_20', 'Office Hours 20', 15);
INSERT INTO instructor(id, name_arabic, name_english, phone_number, email, ritaj_id, office_hours, department_id) VALUES (21, 'نجوى الحماد', 'Instructor 21', '212121-21', 'instructor_email_21@example.com', 'RITAJ_I_21', 'Office Hours 21', 3);
INSERT INTO instructor(id, name_arabic, name_english, phone_number, email, ritaj_id, office_hours, department_id) VALUES (22, 'خالد القدومي', 'Instructor 22', '222222-22', 'instructor_email_22@example.com', 'RITAJ_I_22', 'Office Hours 22', 23);
INSERT INTO instructor(id, name_arabic, name_english, phone_number, email, ritaj_id, office_hours, department_id) VALUES (23, 'سليمان النجار', 'Instructor 23', '232323-23', 'instructor_email_23@example.com', 'RITAJ_I_23', 'Office Hours 23', 4);
INSERT INTO instructor(id, name_arabic, name_english, phone_number, email, ritaj_id, office_hours, department_id) VALUES (24, 'ليلى السعدي', 'Instructor 24', '242424-24', 'instructor_email_24@example.com', 'RITAJ_I_24', 'Office Hours 24', 21);
INSERT INTO instructor(id, name_arabic, name_english, phone_number, email, ritaj_id, office_hours, department_id) VALUES (25, 'حسن البلبيسي', 'Instructor 25', '252525-25', 'instructor_email_25@example.com', 'RITAJ_I_25', 'Office Hours 25', 8);
INSERT INTO instructor(id, name_arabic, name_english, phone_number, email, ritaj_id, office_hours, department_id) VALUES (26, 'نادر العطار', 'Instructor 26', '262626-26', 'instructor_email_26@example.com', 'RITAJ_I_26', 'Office Hours 26', 29);
INSERT INTO instructor(id, name_arabic, name_english, phone_number, email, ritaj_id, office_hours, department_id) VALUES (27, 'رامي الزعبي', 'Instructor 27', '272727-27', 'instructor_email_27@example.com', 'RITAJ_I_27', 'Office Hours 27', 5);
INSERT INTO instructor(id, name_arabic, name_english, phone_number, email, ritaj_id, office_hours, department_id) VALUES (28, 'زياد الشيخ يوسف', 'Instructor 28', '282828-28', 'instructor_email_28@example.com', 'RITAJ_I_28', 'Office Hours 28', 19);
INSERT INTO instructor(id, name_arabic, name_english, phone_number, email, ritaj_id, office_hours, department_id) VALUES (29, 'لمى النسور', 'Instructor 29', '292929-29', 'instructor_email_29@example.com', 'RITAJ_I_29', 'Office Hours 29', 8);
INSERT INTO instructor(id, name_arabic, name_english, phone_number, email, ritaj_id, office_hours, department_id) VALUES (30, 'صالح الرفاعي', 'Instructor 30', '303030-30', 'instructor_email_30@example.com', 'RITAJ_I_30', 'Office Hours 30', 13);
INSERT INTO instructor(id, name_arabic, name_english, phone_number, email, ritaj_id, office_hours, department_id) VALUES (31, 'نادية العوضي', 'Instructor 31', '313131-31', 'instructor_email_31@example.com', 'RITAJ_I_31', 'Office Hours 31', 25);
INSERT INTO instructor(id, name_arabic, name_english, phone_number, email, ritaj_id, office_hours, department_id) VALUES (32, 'محمد العوضي', 'Instructor 32', '323232-32', 'instructor_email_32@example.com', 'RITAJ_I_32', 'Office Hours 32', 3);
INSERT INTO instructor(id, name_arabic, name_english, phone_number, email, ritaj_id, office_hours, department_id) VALUES (33, 'محمد العمري', 'Instructor 33', '333333-33', 'instructor_email_33@example.com', 'RITAJ_I_33', 'Office Hours 33', 14);
INSERT INTO instructor(id, name_arabic, name_english, phone_number, email, ritaj_id, office_hours, department_id) VALUES (34, 'هاني المسعود', 'Instructor 34', '343434-34', 'instructor_email_34@example.com', 'RITAJ_I_34', 'Office Hours 34', 29);
INSERT INTO instructor(id, name_arabic, name_english, phone_number, email, ritaj_id, office_hours, department_id) VALUES (35, 'مصطفى الخالدي', 'Instructor 35', '353535-35', 'instructor_email_35@example.com', 'RITAJ_I_35', 'Office Hours 35', 4);
INSERT INTO instructor(id, name_arabic, name_english, phone_number, email, ritaj_id, office_hours, department_id) VALUES (36, 'امير خليل', 'Instructor 36', '363636-36', 'instructor_email_36@example.com', 'RITAJ_I_36', 'Office Hours 36', 19);
INSERT INTO instructor(id, name_arabic, name_english, phone_number, email, ritaj_id, office_hours, department_id) VALUES (37, 'محمود طوافشة', 'Instructor 37', '373737-37', 'instructor_email_37@example.com', 'RITAJ_I_37', 'Office Hours 37', 21);
INSERT INTO instructor(id, name_arabic, name_english, phone_number, email, ritaj_id, office_hours, department_id) VALUES (38, 'علاء الدين الحماد', 'Instructor 38', '383838-38', 'instructor_email_38@example.com', 'RITAJ_I_38', 'Office Hours 38', 7);
INSERT INTO instructor(id, name_arabic, name_english, phone_number, email, ritaj_id, office_hours, department_id) VALUES (39, 'رانيا الخالدي', 'Instructor 39', '393939-39', 'instructor_email_39@example.com', 'RITAJ_I_39', 'Office Hours 39', 22);
INSERT INTO instructor(id, name_arabic, name_english, phone_number, email, ritaj_id, office_hours, department_id) VALUES (40, 'خلود حواسنة', 'Instructor 40', '404040-40', 'instructor_email_40@example.com', 'RITAJ_I_40', 'Office Hours 40', 2);
INSERT INTO instructor(id, name_arabic, name_english, phone_number, email, ritaj_id, office_hours, department_id) VALUES (41, 'سلام قطناني', 'Instructor 41', '414141-41', 'instructor_email_41@example.com', 'RITAJ_I_41', 'Office Hours 41', 10);
INSERT INTO instructor(id, name_arabic, name_english, phone_number, email, ritaj_id, office_hours, department_id) VALUES (42, 'ريما العمري', 'Instructor 42', '424242-42', 'instructor_email_42@example.com', 'RITAJ_I_42', 'Office Hours 42', 2);
INSERT INTO instructor(id, name_arabic, name_english, phone_number, email, ritaj_id, office_hours, department_id) VALUES (43, 'هبة العمريس', 'Instructor 43', '434343-43', 'instructor_email_43@example.com', 'RITAJ_I_43', 'Office Hours 43', 31);
INSERT INTO instructor(id, name_arabic, name_english, phone_number, email, ritaj_id, office_hours, department_id) VALUES (44, 'محمد العمريس', 'Instructor 44', '444444-44', 'instructor_email_44@example.com', 'RITAJ_I_44', 'Office Hours 44', 29);
INSERT INTO instructor(id, name_arabic, name_english, phone_number, email, ritaj_id, office_hours, department_id) VALUES (45, 'محمد الحاج علي', 'Instructor 45', '454545-45', 'instructor_email_45@example.com', 'RITAJ_I_45', 'Office Hours 45', 3);
INSERT INTO instructor(id, name_arabic, name_english, phone_number, email, ritaj_id, office_hours, department_id) VALUES (46, 'علي العمريس', 'Instructor 46', '464646-46', 'instructor_email_46@example.com', 'RITAJ_I_46', 'Office Hours 46', 21);
INSERT INTO instructor(id, name_arabic, name_english, phone_number, email, ritaj_id, office_hours, department_id) VALUES (47, 'راني الهلال', 'Instructor 47', '474747-47', 'instructor_email_47@example.com', 'RITAJ_I_47', 'Office Hours 47', 20);
INSERT INTO instructor(id, name_arabic, name_english, phone_number, email, ritaj_id, office_hours, department_id) VALUES (48, 'هلال الدين الحماد', 'Instructor 48', '484848-48', 'instructor_email_48@example.com', 'RITAJ_I_48', 'Office Hours 48', 23);
INSERT INTO instructor(id, name_arabic, name_english, phone_number, email, ritaj_id, office_hours, department_id) VALUES (49, 'محمد حماد', 'Instructor 49', '494949-49', 'instructor_email_49@example.com', 'RITAJ_I_49', 'Office Hours 49', 19);
INSERT INTO instructor(id, name_arabic, name_english, phone_number, email, ritaj_id, office_hours, department_id) VALUES (50, 'محمود بني مصطفى', 'Instructor 50', '505050-50', 'instructor_email_50@example.com', 'RITAJ_I_50', 'Office Hours 50', 10);
INSERT INTO instructor(id, name_arabic, name_english, phone_number, email, ritaj_id, office_hours, department_id) VALUES (51, 'ادم محمود', 'Instructor 51', '515151-51', 'instructor_email_51@example.com', 'RITAJ_I_51', 'Office Hours 51', 19);
INSERT INTO instructor(id, name_arabic, name_english, phone_number, email, ritaj_id, office_hours, department_id) VALUES (52, 'قصي علاونة', 'Instructor 52', '525252-52', 'instructor_email_52@example.com', 'RITAJ_I_52', 'Office Hours 52', 26);
INSERT INTO instructor(id, name_arabic, name_english, phone_number, email, ritaj_id, office_hours, department_id) VALUES (53, 'محمد علاونة', 'Instructor 53', '535353-53', 'instructor_email_53@example.com', 'RITAJ_I_53', 'Office Hours 53', 2);
UPDATE faculty SET dean_id = 1 WHERE id = 1;
UPDATE faculty SET dean_id = 2 WHERE id = 2;
UPDATE faculty SET dean_id = 3 WHERE id = 3;
UPDATE faculty SET dean_id = 4 WHERE id = 4;
UPDATE faculty SET dean_id = 5 WHERE id = 5;
UPDATE faculty SET dean_id = 6 WHERE id = 6;
UPDATE faculty SET dean_id = 7 WHERE id = 7;
UPDATE faculty SET dean_id = 8 WHERE id = 8;
UPDATE faculty SET dean_id = 9 WHERE id = 9;
INSERT INTO department(id, faculty_id, name_arabic, name_english, symbol, description, head_instructor_id) VALUES (1, 8, 'الأحياء والكيمياء الحيوية', 'name english - department - BIO', 'BIO', 'Description for department 1', 10);
INSERT INTO department(id, faculty_id, name_arabic, name_english, symbol, description, head_instructor_id) VALUES (2, 2, 'الإعلام', 'name english - department - MED', 'MED', 'Description for department 2', 11);
INSERT INTO department(id, faculty_id, name_arabic, name_english, symbol, description, head_instructor_id) VALUES (3, 7, 'الإدارة العامة', 'name english - department - ADM', 'ADM', 'Description for department 3', 12);
INSERT INTO department(id, faculty_id, name_arabic, name_english, symbol, description, head_instructor_id) VALUES (4, 1, 'إدارة الأعمال', 'name english - department - BUS', 'BUS', 'Description for department 4', 13);
INSERT INTO department(id, faculty_id, name_arabic, name_english, symbol, description, head_instructor_id) VALUES (5, 6, 'الإقتصاد', 'name english - department - ECO', 'ECO', 'Description for department 5', 14);
INSERT INTO department(id, faculty_id, name_arabic, name_english, symbol, description, head_instructor_id) VALUES (6, 5, 'التمريض', 'name english - department - NUR', 'NUR', 'Description for department 6', 15);
INSERT INTO department(id, faculty_id, name_arabic, name_english, symbol, description, head_instructor_id) VALUES (7, 4, 'التغذية والحمية', 'name english - department - NUT', 'NUT', 'Description for department 7', 16);
INSERT INTO department(id, faculty_id, name_arabic, name_english, symbol, description, head_instructor_id) VALUES (8, 8, 'التاريخ والآثار', 'name english - department - HIS', 'HIS', 'Description for department 8', 17);
INSERT INTO department(id, faculty_id, name_arabic, name_english, symbol, description, head_instructor_id) VALUES (9, 1, 'التربية', 'name english - department - EDU', 'EDU', 'Description for department 9', 18);
INSERT INTO department(id, faculty_id, name_arabic, name_english, symbol, description, head_instructor_id) VALUES (10, 6, 'الرياضية', 'name english - department - MAT', 'MAT', 'Description for department 10', 19);
INSERT INTO department(id, faculty_id, name_arabic, name_english, symbol, description, head_instructor_id) VALUES (11, 2, 'الجغرافية', 'name english - department - GEO', 'GEO', 'Description for department 11', 20);
INSERT INTO department(id, faculty_id, name_arabic, name_english, symbol, description, head_instructor_id) VALUES (12, 8, 'الرياضيات', 'name english - department - MAT', 'MAT', 'Description for department 12', 21);
INSERT INTO department(id, faculty_id, name_arabic, name_english, symbol, description, head_instructor_id) VALUES (13, 5, 'الصيدلة', 'name english - department - PHA', 'PHA', 'Description for department 13', 22);
INSERT INTO department(id, faculty_id, name_arabic, name_english, symbol, description, head_instructor_id) VALUES (14, 5, 'علاج النطق والسمع', 'name english - department - SLP', 'SLP', 'Description for department 14', 23);
INSERT INTO department(id, faculty_id, name_arabic, name_english, symbol, description, head_instructor_id) VALUES (15, 6, 'العلوم الإجتماعية والسلوكية', 'name english - department - SOC', 'SOC', 'Description for department 15', 24);
INSERT INTO department(id, faculty_id, name_arabic, name_english, symbol, description, head_instructor_id) VALUES (16, 2, 'العلوم المالية والمصرفية', 'name english - department - FIN', 'FIN', 'Description for department 16', 25);
INSERT INTO department(id, faculty_id, name_arabic, name_english, symbol, description, head_instructor_id) VALUES (17, 6, 'علم الحاسوب', 'name english - department - CSC', 'CSC', 'Description for department 17', 26);
INSERT INTO department(id, faculty_id, name_arabic, name_english, symbol, description, head_instructor_id) VALUES (18, 6, 'الفلسفة والدراسات الثقافية', 'name english - department - PHI', 'PHI', 'Description for department 18', 27);
INSERT INTO department(id, faculty_id, name_arabic, name_english, symbol, description, head_instructor_id) VALUES (19, 5, 'الفيزياء', 'name english - department - PHY', 'PHY', 'Description for department 19', 28);
INSERT INTO department(id, faculty_id, name_arabic, name_english, symbol, description, head_instructor_id) VALUES (20, 1, 'القانون', 'name english - department - LAW', 'LAW', 'Description for department 20', 29);
INSERT INTO department(id, faculty_id, name_arabic, name_english, symbol, description, head_instructor_id) VALUES (21, 5, 'الكيمياء', 'name english - department - CHE', 'CHE', 'Description for department 21', 30);
INSERT INTO department(id, faculty_id, name_arabic, name_english, symbol, description, head_instructor_id) VALUES (22, 4, 'اللغة الفرنسية', 'name english - department - FRE', 'FRE', 'Description for department 22', 31);
INSERT INTO department(id, faculty_id, name_arabic, name_english, symbol, description, head_instructor_id) VALUES (23, 8, 'اللغة الإنجليزية وآدابها', 'name english - department - ENG', 'ENG', 'Description for department 23', 32);
INSERT INTO department(id, faculty_id, name_arabic, name_english, symbol, description, head_instructor_id) VALUES (24, 5, 'اللغات والترجمة', 'name english - department - TRN', 'TRN', 'Description for department 24', 33);
INSERT INTO department(id, faculty_id, name_arabic, name_english, symbol, description, head_instructor_id) VALUES (25, 3, 'اللغة العربية وآدابها', 'name english - department - ARA', 'ARA', 'Description for department 25', 34);
INSERT INTO department(id, faculty_id, name_arabic, name_english, symbol, description, head_instructor_id) VALUES (26, 6, 'المناهج والتعليم', 'name english - department - CUR', 'CUR', 'Description for department 26', 35);
INSERT INTO department(id, faculty_id, name_arabic, name_english, symbol, description, head_instructor_id) VALUES (27, 3, 'المحاسبة', 'name english - department - ACC', 'ACC', 'Description for department 27', 36);
INSERT INTO department(id, faculty_id, name_arabic, name_english, symbol, description, head_instructor_id) VALUES (28, 2, 'الهندسة الميكانيكية والميكاترونكس', 'name english - department - MEC', 'MEC', 'Description for department 28', 37);
INSERT INTO department(id, faculty_id, name_arabic, name_english, symbol, description, head_instructor_id) VALUES (29, 8, 'الهندسة المعمارية والتخطيط', 'name english - department - ARC', 'ARC', 'Description for department 29', 38);
INSERT INTO department(id, faculty_id, name_arabic, name_english, symbol, description, head_instructor_id) VALUES (30, 9, 'الهندسة المدنية والبيئية', 'name english - department - CIV', 'CIV', 'Description for department 30', 39);
INSERT INTO department(id, faculty_id, name_arabic, name_english, symbol, description, head_instructor_id) VALUES (31, 7, 'الهندسة الكهربائية وهندسة الحاسوب', 'name english - department - ECE', 'ECE', 'Description for department 31', 40);
INSERT INTO major(id, department_id, name_arabic, name_english, symbol, description, hours) VALUES (1, 11, 'دكتور صيدلي', 'name english - major - PHD', 'PHD', 'Description for major 1', 129);
INSERT INTO major(id, department_id, name_arabic, name_english, symbol, description, hours) VALUES (2, 31, 'الهندسة المعمارية', 'name english - major - ARC', 'ARC', 'Description for major 2', 122);
INSERT INTO major(id, department_id, name_arabic, name_english, symbol, description, hours) VALUES (3, 21, 'التغذية والحمية', 'name english - major - NUT', 'NUT', 'Description for major 3', 164);
INSERT INTO major(id, department_id, name_arabic, name_english, symbol, description, hours) VALUES (4, 16, 'الهندسة المدنية', 'name english - major - CIV', 'CIV', 'Description for major 4', 164);
INSERT INTO major(id, department_id, name_arabic, name_english, symbol, description, hours) VALUES (5, 9, 'التمريض', 'name english - major - NUR', 'NUR', 'Description for major 5', 150);
INSERT INTO major(id, department_id, name_arabic, name_english, symbol, description, hours) VALUES (6, 7, 'هندسة التخطيط والتصميم الحضري', 'name english - major - URB', 'URB', 'Description for major 6', 120);
INSERT INTO major(id, department_id, name_arabic, name_english, symbol, description, hours) VALUES (7, 24, 'علاج النطق والسمع', 'name english - major - SLP', 'SLP', 'Description for major 7', 134);
INSERT INTO major(id, department_id, name_arabic, name_english, symbol, description, hours) VALUES (8, 19, 'الهندسة الكهربائية', 'name english - major - ECE', 'ECE', 'Description for major 8', 139);
INSERT INTO major(id, department_id, name_arabic, name_english, symbol, description, hours) VALUES (9, 28, 'الهندسة الميكانيكية', 'name english - major - MEC', 'MEC', 'Description for major 9', 139);
INSERT INTO major(id, department_id, name_arabic, name_english, symbol, description, hours) VALUES (10, 9, 'المحاسبة', 'name english - major - ACC', 'ACC', 'Description for major 10', 150);
INSERT INTO major(id, department_id, name_arabic, name_english, symbol, description, hours) VALUES (11, 22, 'هندسة الميكاترونيكس', 'name english - major - MCT', 'MCT', 'Description for major 11', 122);
INSERT INTO major(id, department_id, name_arabic, name_english, symbol, description, hours) VALUES (12, 26, 'إدارة الأعمال', 'name english - major - BUS', 'BUS', 'Description for major 12', 165);
INSERT INTO major(id, department_id, name_arabic, name_english, symbol, description, hours) VALUES (13, 18, 'هندسة الحاسوب', 'name english - major - CSC', 'CSC', 'Description for major 13', 125);
INSERT INTO major(id, department_id, name_arabic, name_english, symbol, description, hours) VALUES (14, 1, 'العلوم المالية والمصرفية', 'name english - major - FIN', 'FIN', 'Description for major 14', 136);
INSERT INTO major(id, department_id, name_arabic, name_english, symbol, description, hours) VALUES (15, 14, 'علم الحاسوب', 'name english - major - CSC', 'CSC', 'Description for major 15', 144);
INSERT INTO major(id, department_id, name_arabic, name_english, symbol, description, hours) VALUES (16, 22, 'العلوم المالية والاكتوارية', 'name english - major - FIM', 'FIM', 'Description for major 16', 125);
INSERT INTO major(id, department_id, name_arabic, name_english, symbol, description, hours) VALUES (17, 1, 'أمن المعلومات', 'name english - major - ISM', 'ISM', 'Description for major 17', 140);
INSERT INTO major(id, department_id, name_arabic, name_english, symbol, description, hours) VALUES (18, 30, 'التسويق', 'name english - major - MKT', 'MKT', 'Description for major 18', 124);
INSERT INTO major(id, department_id, name_arabic, name_english, symbol, description, hours) VALUES (19, 20, 'الاقتصاد', 'name english - major - ECO', 'ECO', 'Description for major 19', 130);
INSERT INTO major(id, department_id, name_arabic, name_english, symbol, description, hours) VALUES (20, 5, 'اللغة العربية وآدابها', 'name english - major - ARA', 'ARA', 'Description for major 20', 165);
INSERT INTO major(id, department_id, name_arabic, name_english, symbol, description, hours) VALUES (21, 9, 'اقتصاد الأعمال', 'name english - major - BEC', 'BEC', 'Description for major 21', 124);
INSERT INTO major(id, department_id, name_arabic, name_english, symbol, description, hours) VALUES (22, 10, 'اللغة الإنجليزية وآدابها', 'name english - major - ENG', 'ENG', 'Description for major 22', 127);
INSERT INTO major(id, department_id, name_arabic, name_english, symbol, description, hours) VALUES (23, 10, 'اللغة الإنجليزية وآدابها / فرعي الترجمة', 'name english - major - ENT', 'ENT', 'Description for major 23', 146);
INSERT INTO major(id, department_id, name_arabic, name_english, symbol, description, hours) VALUES (24, 1, 'القانون', 'name english - major - LAW', 'LAW', 'Description for major 24', 162);
INSERT INTO major(id, department_id, name_arabic, name_english, symbol, description, hours) VALUES (25, 21, 'الترجمة', 'name english - major - TRN', 'TRN', 'Description for major 25', 126);
INSERT INTO major(id, department_id, name_arabic, name_english, symbol, description, hours) VALUES (26, 16, 'الإدارة العامة', 'name english - major - ADM', 'ADM', 'Description for major 26', 123);
INSERT INTO major(id, department_id, name_arabic, name_english, symbol, description, hours) VALUES (27, 1, 'الإعلام', 'name english - major - MED', 'MED', 'Description for major 27', 152);
INSERT INTO major(id, department_id, name_arabic, name_english, symbol, description, hours) VALUES (28, 30, 'العلاقات الدولية', 'name english - major - INT', 'INT', 'Description for major 28', 123);
INSERT INTO major(id, department_id, name_arabic, name_english, symbol, description, hours) VALUES (29, 14, 'الاتصال الاستراتيجي', 'name english - major - COM', 'COM', 'Description for major 29', 139);
INSERT INTO major(id, department_id, name_arabic, name_english, symbol, description, hours) VALUES (30, 24, 'العلوم السياسية', 'name english - major - POL', 'POL', 'Description for major 30', 162);
INSERT INTO major(id, department_id, name_arabic, name_english, symbol, description, hours) VALUES (31, 9, 'اللغة الفرنسية', 'name english - major - FRE', 'FRE', 'Description for major 31', 146);
INSERT INTO major(id, department_id, name_arabic, name_english, symbol, description, hours) VALUES (32, 12, 'اللغة الألمانية', 'name english - major - GER', 'GER', 'Description for major 32', 138);
INSERT INTO major(id, department_id, name_arabic, name_english, symbol, description, hours) VALUES (33, 27, 'الأحياء', 'name english - major - BIO', 'BIO', 'Description for major 33', 143);
INSERT INTO major(id, department_id, name_arabic, name_english, symbol, description, hours) VALUES (34, 7, 'التاريخ والآثار', 'name english - major - HIS', 'HIS', 'Description for major 34', 121);
INSERT INTO major(id, department_id, name_arabic, name_english, symbol, description, hours) VALUES (35, 14, 'الأحياء / فرعي الكيمياء الحيوية', 'name english - major - BIC', 'BIC', 'Description for major 35', 142);
INSERT INTO major(id, department_id, name_arabic, name_english, symbol, description, hours) VALUES (36, 23, 'الجيوانفورماتكس', 'name english - major - GIS', 'GIS', 'Description for major 36', 160);
INSERT INTO major(id, department_id, name_arabic, name_english, symbol, description, hours) VALUES (37, 27, 'الكيمياء', 'name english - major - CHE', 'CHE', 'Description for major 37', 154);
INSERT INTO major(id, department_id, name_arabic, name_english, symbol, description, hours) VALUES (38, 16, 'رئيسي علم اجتماع / فرعي علم النفس', 'name english - major - SOC', 'SOC', 'Description for major 38', 155);
INSERT INTO major(id, department_id, name_arabic, name_english, symbol, description, hours) VALUES (39, 24, 'الكيمياء / فرعي الكيمياء الصناعية', 'name english - major - CHI', 'CHI', 'Description for major 39', 131);
INSERT INTO major(id, department_id, name_arabic, name_english, symbol, description, hours) VALUES (40, 7, 'رئيس علم اجتماع / فرعي الإدارة العامة', 'name english - major - PUB', 'PUB', 'Description for major 40', 155);
INSERT INTO major(id, department_id, name_arabic, name_english, symbol, description, hours) VALUES (41, 23, 'الرياضيات', 'name english - major - MAT', 'MAT', 'Description for major 41', 155);
INSERT INTO major(id, department_id, name_arabic, name_english, symbol, description, hours) VALUES (42, 10, 'رئيسي علم النفس / فرعي علم الاجتماع', 'name english - major - PSY', 'PSY', 'Description for major 42', 153);
INSERT INTO major(id, department_id, name_arabic, name_english, symbol, description, hours) VALUES (43, 16, 'الرياضيات / فرعي علم الحاسوب', 'name english - major - MCS', 'MCS', 'Description for major 43', 123);
INSERT INTO major(id, department_id, name_arabic, name_english, symbol, description, hours) VALUES (44, 22, 'رئيسي علم النفس / فرعي دراسات المرأة', 'name english - major - WST', 'WST', 'Description for major 44', 160);
INSERT INTO major(id, department_id, name_arabic, name_english, symbol, description, hours) VALUES (45, 17, 'الفيزياء', 'name english - major - PHY', 'PHY', 'Description for major 45', 133);
INSERT INTO major(id, department_id, name_arabic, name_english, symbol, description, hours) VALUES (46, 27, 'الفيزياء / فرعي الرياضيات', 'name english - major - PHM', 'PHM', 'Description for major 46', 123);
INSERT INTO major(id, department_id, name_arabic, name_english, symbol, description, hours) VALUES (47, 30, 'تعليم الاجتماعيات', 'name english - major - SST', 'SST', 'Description for major 47', 125);
INSERT INTO major(id, department_id, name_arabic, name_english, symbol, description, hours) VALUES (48, 21, 'تعليم اللغة الإنجليزية كلغة أجنبية', 'name english - major - TES', 'TES', 'Description for major 48', 130);
INSERT INTO major(id, department_id, name_arabic, name_english, symbol, description, hours) VALUES (49, 14, 'التصميم الداخلي', 'name english - major - INT', 'INT', 'Description for major 49', 140);
INSERT INTO major(id, department_id, name_arabic, name_english, symbol, description, hours) VALUES (50, 1, 'التعليم الجامع والتربية الخاصة', 'name english - major - SPED', 'SPED', 'Description for major 50', 130);
INSERT INTO major(id, department_id, name_arabic, name_english, symbol, description, hours) VALUES (51, 7, 'التصميم', 'name english - major - DES', 'DES', 'Description for major 51', 135);
INSERT INTO major(id, department_id, name_arabic, name_english, symbol, description, hours) VALUES (52, 17, 'التربية الرياضية', 'name english - major - PE', 'PE', 'Description for major 52', 132);
INSERT INTO major(id, department_id, name_arabic, name_english, symbol, description, hours) VALUES (53, 23, 'الفنون البصرية المعاصرة', 'name english - major - ART', 'ART', 'Description for major 53', 150);
INSERT INTO major(id, department_id, name_arabic, name_english, symbol, description, hours) VALUES (54, 26, 'الموسيقى', 'name english - major - MUS', 'MUS', 'Description for major 54', 148);
INSERT INTO course(id, major_id, name_arabic, name_english, symbol, description, credits) VALUES (1, 8, 'اللغة العربية', 'Arabic Language', 'ARB131', 'Description for course 1', 3);
INSERT INTO course(id, major_id, name_arabic, name_english, symbol, description, credits) VALUES (2, 19, 'الرياضيات المتقدمة', 'Advanced Mathematics', 'MAT231', 'Description for course 2', 3);
INSERT INTO course(id, major_id, name_arabic, name_english, symbol, description, credits) VALUES (3, 3, 'أساسيات البرمجة', 'Programming Fundamentals', 'CSC121', 'Description for course 3', 3);
INSERT INTO course(id, major_id, name_arabic, name_english, symbol, description, credits) VALUES (4, 35, 'الإقتصاد الكلي', 'Macroeconomics', 'ECO222', 'Description for course 4', 2);
INSERT INTO course(id, major_id, name_arabic, name_english, symbol, description, credits) VALUES (5, 29, 'الفيزياء الكلاسيكية', 'Classical Physics', 'PHY1411', 'Description for course 5', 4);
INSERT INTO course(id, major_id, name_arabic, name_english, symbol, description, credits) VALUES (6, 13, 'الكيمياء العضوية', 'Organic Chemistry', 'CHE1311', 'Description for course 6', 3);
INSERT INTO course(id, major_id, name_arabic, name_english, symbol, description, credits) VALUES (7, 45, 'نظرية الأعمال', 'Business Theory', 'BUS221', 'Description for course 7', 2);
INSERT INTO course(id, major_id, name_arabic, name_english, symbol, description, credits) VALUES (8, 37, 'القانون العام', 'Public Law', 'LAW331', 'Description for course 8', 3);
INSERT INTO course(id, major_id, name_arabic, name_english, symbol, description, credits) VALUES (9, 50, 'الرعاية الصحية', 'Healthcare', 'MED211', 'Description for course 9', 1);
INSERT INTO course(id, major_id, name_arabic, name_english, symbol, description, credits) VALUES (10, 10, 'مقدمة في العمارة', 'Introduction to Architecture', 'ARC151', 'Description for course 10', 5);
INSERT INTO teaching_assistant(id, name_arabic, name_english, phone_number, email, ritaj_id, department_id) VALUES (1, 'ليلى السعدي', 'TA 1', '111-1', 'assistant_email_1@example.com', 'RITAJ_A_1', 23);
INSERT INTO teaching_assistant(id, name_arabic, name_english, phone_number, email, ritaj_id, department_id) VALUES (2, 'رباب الحجازي', 'TA 2', '222-2', 'assistant_email_2@example.com', 'RITAJ_A_2', 6);
INSERT INTO teaching_assistant(id, name_arabic, name_english, phone_number, email, ritaj_id, department_id) VALUES (3, 'نجاح الزهراني', 'TA 3', '333-3', 'assistant_email_3@example.com', 'RITAJ_A_3', 10);
INSERT INTO teaching_assistant(id, name_arabic, name_english, phone_number, email, ritaj_id, department_id) VALUES (4, 'حسين الأحمد', 'TA 4', '444-4', 'assistant_email_4@example.com', 'RITAJ_A_4', 23);
INSERT INTO teaching_assistant(id, name_arabic, name_english, phone_number, email, ritaj_id, department_id) VALUES (5, 'نورة السالم', 'TA 5', '555-5', 'assistant_email_5@example.com', 'RITAJ_A_5', 7);
INSERT INTO teaching_assistant(id, name_arabic, name_english, phone_number, email, ritaj_id, department_id) VALUES (6, 'مريم الخالدي', 'TA 6', '666-6', 'assistant_email_6@example.com', 'RITAJ_A_6', 24);
INSERT INTO teaching_assistant(id, name_arabic, name_english, phone_number, email, ritaj_id, department_id) VALUES (7, 'رناد العربي', 'TA 7', '777-7', 'assistant_email_7@example.com', 'RITAJ_A_7', 8);
INSERT INTO teaching_assistant(id, name_arabic, name_english, phone_number, email, ritaj_id, department_id) VALUES (8, 'محمود الرفاعي', 'TA 8', '888-8', 'assistant_email_8@example.com', 'RITAJ_A_8', 4);
INSERT INTO teaching_assistant(id, name_arabic, name_english, phone_number, email, ritaj_id, department_id) VALUES (9, 'فاطمة الراشد', 'TA 9', '999-9', 'assistant_email_9@example.com', 'RITAJ_A_9', 16);
INSERT INTO teaching_assistant(id, name_arabic, name_english, phone_number, email, ritaj_id, department_id) VALUES (10, 'أمينة الخريبط', 'TA 10', '101010-10', 'assistant_email_10@example.com', 'RITAJ_A_10', 6);
INSERT INTO teaching_assistant(id, name_arabic, name_english, phone_number, email, ritaj_id, department_id) VALUES (11, 'سارة السهلي', 'TA 11', '111111-11', 'assistant_email_11@example.com', 'RITAJ_A_11', 10);
INSERT INTO teaching_assistant(id, name_arabic, name_english, phone_number, email, ritaj_id, department_id) VALUES (12, 'صالح الحميدي', 'TA 12', '121212-12', 'assistant_email_12@example.com', 'RITAJ_A_12', 29);
INSERT INTO teaching_assistant(id, name_arabic, name_english, phone_number, email, ritaj_id, department_id) VALUES (13, 'هناء العمران', 'TA 13', '131313-13', 'assistant_email_13@example.com', 'RITAJ_A_13', 15);
INSERT INTO teaching_assistant(id, name_arabic, name_english, phone_number, email, ritaj_id, department_id) VALUES (14, 'خديجة الحربي', 'TA 14', '141414-14', 'assistant_email_14@example.com', 'RITAJ_A_14', 22);
INSERT INTO teaching_assistant(id, name_arabic, name_english, phone_number, email, ritaj_id, department_id) VALUES (15, 'أمل العليان', 'TA 15', '151515-15', 'assistant_email_15@example.com', 'RITAJ_A_15', 16);
INSERT INTO teaching_assistant(id, name_arabic, name_english, phone_number, email, ritaj_id, department_id) VALUES (16, 'هشام الحسين', 'TA 16', '161616-16', 'assistant_email_16@example.com', 'RITAJ_A_16', 17);
INSERT INTO teaching_assistant(id, name_arabic, name_english, phone_number, email, ritaj_id, department_id) VALUES (17, 'زينب الحواس', 'TA 17', '171717-17', 'assistant_email_17@example.com', 'RITAJ_A_17', 4);
INSERT INTO teaching_assistant(id, name_arabic, name_english, phone_number, email, ritaj_id, department_id) VALUES (18, 'رحاب العثمان', 'TA 18', '181818-18', 'assistant_email_18@example.com', 'RITAJ_A_18', 7);
INSERT INTO teaching_assistant(id, name_arabic, name_english, phone_number, email, ritaj_id, department_id) VALUES (19, 'منى الشهري', 'TA 19', '191919-19', 'assistant_email_19@example.com', 'RITAJ_A_19', 31);
INSERT INTO teaching_assistant(id, name_arabic, name_english, phone_number, email, ritaj_id, department_id) VALUES (20, 'ياسمين السهيل', 'TA 20', '202020-20', 'assistant_email_20@example.com', 'RITAJ_A_20', 4);
INSERT INTO teaching_assistant(id, name_arabic, name_english, phone_number, email, ritaj_id, department_id) VALUES (21, 'لمياء الغامدي', 'TA 21', '212121-21', 'assistant_email_21@example.com', 'RITAJ_A_21', 1);
INSERT INTO teaching_assistant(id, name_arabic, name_english, phone_number, email, ritaj_id, department_id) VALUES (22, 'ريم الفايز', 'TA 22', '222222-22', 'assistant_email_22@example.com', 'RITAJ_A_22', 19);
INSERT INTO teaching_assistant(id, name_arabic, name_english, phone_number, email, ritaj_id, department_id) VALUES (23, 'ميسون السواط', 'TA 23', '232323-23', 'assistant_email_23@example.com', 'RITAJ_A_23', 14);
INSERT INTO teaching_assistant(id, name_arabic, name_english, phone_number, email, ritaj_id, department_id) VALUES (24, 'علي الراجحي', 'TA 24', '242424-24', 'assistant_email_24@example.com', 'RITAJ_A_24', 9);
INSERT INTO teaching_assistant(id, name_arabic, name_english, phone_number, email, ritaj_id, department_id) VALUES (25, 'سماهر القصيمي', 'TA 25', '252525-25', 'assistant_email_25@example.com', 'RITAJ_A_25', 25);
INSERT INTO teaching_assistant(id, name_arabic, name_english, phone_number, email, ritaj_id, department_id) VALUES (26, 'مها العنزي', 'TA 26', '262626-26', 'assistant_email_26@example.com', 'RITAJ_A_26', 29);
INSERT INTO teaching_assistant(id, name_arabic, name_english, phone_number, email, ritaj_id, department_id) VALUES (27, 'سحر القحطاني', 'TA 27', '272727-27', 'assistant_email_27@example.com', 'RITAJ_A_27', 15);
INSERT INTO teaching_assistant(id, name_arabic, name_english, phone_number, email, ritaj_id, department_id) VALUES (28, 'أحمد الجبرين', 'TA 28', '282828-28', 'assistant_email_28@example.com', 'RITAJ_A_28', 18);
INSERT INTO teaching_assistant(id, name_arabic, name_english, phone_number, email, ritaj_id, department_id) VALUES (29, 'فاطمة الراوي', 'TA 29', '292929-29', 'assistant_email_29@example.com', 'RITAJ_A_29', 30);
INSERT INTO teaching_assistant(id, name_arabic, name_english, phone_number, email, ritaj_id, department_id) VALUES (30, 'سوسن العمير', 'TA 30', '303030-30', 'assistant_email_30@example.com', 'RITAJ_A_30', 6);
INSERT INTO teaching_assistant(id, name_arabic, name_english, phone_number, email, ritaj_id, department_id) VALUES (31, 'سلمى العبدالكريم', 'TA 31', '313131-31', 'assistant_email_31@example.com', 'RITAJ_A_31', 20);
INSERT INTO teaching_assistant(id, name_arabic, name_english, phone_number, email, ritaj_id, department_id) VALUES (32, 'فريدة السديري', 'TA 32', '323232-32', 'assistant_email_32@example.com', 'RITAJ_A_32', 8);
INSERT INTO teaching_assistant(id, name_arabic, name_english, phone_number, email, ritaj_id, department_id) VALUES (33, 'أسماء الشلهوب', 'TA 33', '333333-33', 'assistant_email_33@example.com', 'RITAJ_A_33', 31);
INSERT INTO teaching_assistant(id, name_arabic, name_english, phone_number, email, ritaj_id, department_id) VALUES (34, 'ريما الشعلان', 'TA 34', '343434-34', 'assistant_email_34@example.com', 'RITAJ_A_34', 19);
INSERT INTO teaching_assistant(id, name_arabic, name_english, phone_number, email, ritaj_id, department_id) VALUES (35, 'حسن الدوسري', 'TA 35', '353535-35', 'assistant_email_35@example.com', 'RITAJ_A_35', 21);
INSERT INTO teaching_assistant(id, name_arabic, name_english, phone_number, email, ritaj_id, department_id) VALUES (36, 'لطيفة الفوزان', 'TA 36', '363636-36', 'assistant_email_36@example.com', 'RITAJ_A_36', 27);
INSERT INTO teaching_assistant(id, name_arabic, name_english, phone_number, email, ritaj_id, department_id) VALUES (37, 'سهام الرميح', 'TA 37', '373737-37', 'assistant_email_37@example.com', 'RITAJ_A_37', 31);
INSERT INTO teaching_assistant(id, name_arabic, name_english, phone_number, email, ritaj_id, department_id) VALUES (38, 'سلمى القرشي', 'TA 38', '383838-38', 'assistant_email_38@example.com', 'RITAJ_A_38', 2);
INSERT INTO teaching_assistant(id, name_arabic, name_english, phone_number, email, ritaj_id, department_id) VALUES (39, 'محمد الشعلان', 'TA 39', '393939-39', 'assistant_email_39@example.com', 'RITAJ_A_39', 14);
INSERT INTO teaching_assistant(id, name_arabic, name_english, phone_number, email, ritaj_id, department_id) VALUES (40, 'حواء العتيبي', 'TA 40', '404040-40', 'assistant_email_40@example.com', 'RITAJ_A_40', 14);
INSERT INTO teaching_assistant(id, name_arabic, name_english, phone_number, email, ritaj_id, department_id) VALUES (41, 'هدى الشيباني', 'TA 41', '414141-41', 'assistant_email_41@example.com', 'RITAJ_A_41', 1);
